Elemental Composition,"Lattice Parameters (a, b, c)",Symmetry,Thermal Conductivity (W/m·K),Specific Heat (J/g·K),Entropy (J/mol·K),Thermal Expansion Coefficient (K⁻¹),Dielectric Function (ε),Density (g/cm³),Band Gap (eV),Phonon Stability,Melting Point (°C)
Ni (100.0%),"5.59, 4.2, 4.77",P4/mmm,230.03,933.4,42.8,1.25e-05,20.1,4.09,3.31,0,2512.6
Al (100.0%),"5.14, 4.45, 5.85",Fd-3m,230.03,933.4,42.8,1.25e-05,20.1,4.09,3.31,0,2512.6
"Ti (60.9%), Cu (39.1%)","4.64, 4.89, 5.0",Fm-3m,230.03,933.4,42.8,1.25e-05,20.1,4.09,3.31,0,2512.6
"Si (42.1%), Ti (57.9%)","3.53, 5.31, 5.57",Fm-3m,230.03,933.4,42.8,1.25e-05,20.1,4.09,3.31,1,2512.6
Cu (100.0%),"5.05, 5.59, 4.88",Fm-3m,230.03,933.4,42.8,1.25e-05,20.1,4.09,3.31,0,2512.6
"Mg (10.5%), Ti (89.5%)","4.05, 3.91, 5.9",P4/mmm,230.03,933.4,42.8,1.25e-05,20.1,4.09,3.31,0,2512.6
"Al (8.1%), Co (91.9%)","5.63, 5.29, 5.31",Pnma,230.03,933.4,42.8,1.25e-05,20.1,4.09,3.31,1,2512.6
"Si (71.3%), Cu (28.7%)","5.27, 5.96, 4.85",Pnma,230.03,933.4,42.8,1.25e-05,20.1,4.09,3.31,0,2512.6
"Cu (0.4%), Ti (99.6%)","5.98, 3.86, 4.79",Fd-3m,230.03,933.4,42.8,1.25e-05,20.1,4.09,3.31,1,2512.6
"Cu (62.6%), Ni (37.4%)","4.19, 5.89, 3.84",P4/mmm,230.03,933.4,42.8,1.25e-05,20.1,4.09,3.31,1,2512.6
Ni (100.0%),"4.8, 4.97, 4.65",Fm-3m,230.03,933.4,42.8,1.25e-05,20.1,4.09,3.31,0,2512.6
Al (100.0%),"3.5, 5.83, 4.52",Fd-3m,230.03,933.4,42.8,1.25e-05,20.1,4.09,3.31,0,2512.6
"Fe (79.1%), Si (20.9%)","5.94, 4.25, 5.29",Pnma,230.03,933.4,42.8,1.25e-05,20.1,4.09,3.31,1,2512.6
Co (100.0%),"5.8, 5.93, 4.29",Fm-3m,230.03,933.4,42.8,1.25e-05,20.1,4.09,3.31,0,2512.6
Zn (100.0%),"5.9, 4.99, 4.16",Fd-3m,230.03,933.4,42.8,1.25e-05,20.1,4.09,3.31,1,2512.6
"Cu (44.9%), Co (55.1%)","5.08, 4.88, 4.0",Fm-3m,230.03,933.4,42.8,1.25e-05,20.1,4.09,3.31,1,2512.6
Co (100.0%),"4.58, 4.16, 4.52",P4/mmm,230.03,933.4,42.8,1.25e-05,20.1,4.09,3.31,1,2512.6
"Ti (31.0%), Ni (69.0%)","5.18, 3.69, 5.4",Fm-3m,230.03,933.4,42.8,1.25e-05,20.1,4.09,3.31,0,2512.6
Fe (100.0%),"5.77, 5.1, 5.3",C2/c,230.03,933.4,42.8,1.25e-05,20.1,4.09,3.31,1,2512.6
Cu (100.0%),"4.04, 5.04, 3.86",C2/c,230.03,933.4,42.8,1.25e-05,20.1,4.09,3.31,1,2512.6
Fe (100.0%),"4.79, 4.19, 4.7",Pnma,230.03,933.4,42.8,1.25e-05,20.1,4.09,3.31,1,2512.6
Zn (100.0%),"5.92, 3.85, 3.94",Pnma,230.03,933.4,42.8,1.25e-05,20.1,4.09,3.31,0,2512.6
Si (100.0%),"3.98, 4.03, 4.32",P4/mmm,230.03,933.4,42.8,1.25e-05,20.1,4.09,3.31,1,2512.6
"Cu (19.7%), Ti (80.3%)","4.9, 5.22, 5.64",Fm-3m,230.03,933.4,42.8,1.25e-05,20.1,4.09,3.31,0,2512.6
"Mg (40.7%), Cu (59.3%)","4.61, 5.54, 5.69",C2/c,230.03,933.4,42.8,1.25e-05,20.1,4.09,3.31,1,2512.6
"Cu (99.1%), Co (0.9%)","5.06, 3.69, 5.13",Fd-3m,230.03,933.4,42.8,1.25e-05,20.1,4.09,3.31,1,2512.6
Si (100.0%),"5.44, 5.81, 5.32",P4/mmm,230.03,933.4,42.8,1.25e-05,20.1,4.09,3.31,1,2512.6
Cu (100.0%),"4.99, 4.86, 4.58",Pnma,230.03,933.4,42.8,1.25e-05,20.1,4.09,3.31,1,2512.6
"Ti (59.7%), Co (40.3%)","4.52, 4.79, 4.89",Pnma,230.03,933.4,42.8,1.25e-05,20.1,4.09,3.31,1,2512.6
Co (100.0%),"5.47, 5.65, 4.43",Fm-3m,230.03,933.4,42.8,1.25e-05,20.1,4.09,3.31,1,2512.6
"Zn (77.8%), Si (22.2%)","3.65, 5.09, 5.44",Fd-3m,230.03,933.4,42.8,1.25e-05,20.1,4.09,3.31,0,2512.6
"Ni (57.9%), Cu (42.1%)","5.95, 4.34, 5.91",Fd-3m,230.03,933.4,42.8,1.25e-05,20.1,4.09,3.31,0,2512.6
"Mg (70.6%), Cu (29.4%)","5.65, 4.05, 3.89",P4/mmm,230.03,933.4,42.8,1.25e-05,20.1,4.09,3.31,0,2512.6
"Co (21.6%), Al (78.4%)","4.39, 5.3, 5.21",Fd-3m,230.03,933.4,42.8,1.25e-05,20.1,4.09,3.31,0,2512.6
"Mg (72.7%), Ti (27.3%)","4.46, 4.17, 4.55",Fd-3m,230.03,933.4,42.8,1.25e-05,20.1,4.09,3.31,0,2512.6
"Zn (10.7%), Cu (89.3%)","4.65, 5.99, 5.76",P4/mmm,230.03,933.4,42.8,1.25e-05,20.1,4.09,3.31,1,2512.6
Fe (100.0%),"4.6, 5.69, 5.92",Pnma,230.03,933.4,42.8,1.25e-05,20.1,4.09,3.31,1,2512.6
"Zn (99.1%), Mg (0.9%)","3.61, 4.11, 6.0",Fd-3m,230.03,933.4,42.8,1.25e-05,20.1,4.09,3.31,1,2512.6
"Fe (70.3%), Zn (29.7%)","4.88, 5.95, 4.4",P4/mmm,230.03,933.4,42.8,1.25e-05,20.1,4.09,3.31,0,2512.6
"Fe (26.4%), Co (73.6%)","4.87, 5.59, 5.36",Fm-3m,230.03,933.4,42.8,1.25e-05,20.1,4.09,3.31,0,2512.6
Si (100.0%),"4.03, 4.28, 5.61",Pnma,230.03,933.4,42.8,1.25e-05,20.1,4.09,3.31,0,2512.6
"Si (79.5%), Ti (20.5%)","4.11, 4.37, 5.69",Pnma,230.03,933.4,42.8,1.25e-05,20.1,4.09,3.31,1,2512.6
"Si (2.3%), Al (97.7%)","5.52, 3.52, 4.11",Pnma,230.03,933.4,42.8,1.25e-05,20.1,4.09,3.31,1,2512.6
Cu (100.0%),"5.67, 5.62, 4.23",Fd-3m,230.03,933.4,42.8,1.25e-05,20.1,4.09,3.31,0,2512.6
Fe (100.0%),"4.17, 5.68, 5.72",P4/mmm,230.03,933.4,42.8,1.25e-05,20.1,4.09,3.31,1,2512.6
"Mg (20.8%), Si (79.2%)","4.58, 3.96, 5.52",Pnma,230.03,933.4,42.8,1.25e-05,20.1,4.09,3.31,1,2512.6
Zn (100.0%),"4.17, 4.67, 5.01",Fm-3m,230.03,933.4,42.8,1.25e-05,20.1,4.09,3.31,0,2512.6
Si (100.0%),"5.87, 4.35, 4.95",P4/mmm,230.03,933.4,42.8,1.25e-05,20.1,4.09,3.31,1,2512.6
Mg (100.0%),"5.36, 4.72, 5.18",Pnma,230.03,933.4,42.8,1.25e-05,20.1,4.09,3.31,0,2512.6
"Ti (70.6%), Fe (29.4%)","4.55, 4.02, 4.46",Fm-3m,230.03,933.4,42.8,1.25e-05,20.1,4.09,3.31,1,2512.6
"Ti (10.0%), Zn (90.0%)","3.99, 4.31, 5.84",Fd-3m,230.03,933.4,42.8,1.25e-05,20.1,4.09,3.31,0,2512.6
Si (100.0%),"4.21, 5.34, 5.43",Fd-3m,230.03,933.4,42.8,1.25e-05,20.1,4.09,3.31,0,2512.6
"Cu (77.3%), Ti (22.7%)","5.55, 3.97, 4.58",Fd-3m,230.03,933.4,42.8,1.25e-05,20.1,4.09,3.31,1,2512.6
Ti (100.0%),"4.23, 3.69, 3.52",P4/mmm,230.03,933.4,42.8,1.25e-05,20.1,4.09,3.31,1,2512.6
Ti (100.0%),"4.9, 5.48, 5.11",Fd-3m,230.03,933.4,42.8,1.25e-05,20.1,4.09,3.31,1,2512.6
Co (100.0%),"5.89, 3.58, 5.5",Fm-3m,230.03,933.4,42.8,1.25e-05,20.1,4.09,3.31,0,2512.6
"Si (59.1%), Zn (40.9%)","5.77, 4.5, 5.08",Fm-3m,230.03,933.4,42.8,1.25e-05,20.1,4.09,3.31,1,2512.6
"Al (7.0%), Fe (93.0%)","3.96, 4.71, 4.72",Fm-3m,230.03,933.4,42.8,1.25e-05,20.1,4.09,3.31,1,2512.6
Cu (100.0%),"4.13, 5.05, 4.86",P4/mmm,230.03,933.4,42.8,1.25e-05,20.1,4.09,3.31,0,2512.6
Ti (100.0%),"3.53, 5.78, 4.38",Fm-3m,230.03,933.4,42.8,1.25e-05,20.1,4.09,3.31,0,2512.6
Si (100.0%),"3.73, 5.81, 4.88",Pnma,230.03,933.4,42.8,1.25e-05,20.1,4.09,3.31,1,2512.6
Cu (100.0%),"4.99, 5.82, 4.94",Fd-3m,230.03,933.4,42.8,1.25e-05,20.1,4.09,3.31,1,2512.6
"Si (20.0%), Zn (80.0%)","4.19, 4.84, 4.82",Pnma,230.03,933.4,42.8,1.25e-05,20.1,4.09,3.31,1,2512.6
Ti (100.0%),"5.47, 5.63, 4.89",Fm-3m,230.03,933.4,42.8,1.25e-05,20.1,4.09,3.31,0,2512.6
"Al (84.8%), Mg (15.2%)","4.99, 4.15, 4.38",P4/mmm,230.03,933.4,42.8,1.25e-05,20.1,4.09,3.31,0,2512.6
"Al (33.9%), Ni (66.1%)","4.82, 5.49, 5.03",Pnma,230.03,933.4,42.8,1.25e-05,20.1,4.09,3.31,0,2512.6
Si (100.0%),"4.87, 3.93, 4.8",C2/c,230.03,933.4,42.8,1.25e-05,20.1,4.09,3.31,0,2512.6
"Cu (88.3%), Al (11.7%)","3.91, 3.92, 3.99",C2/c,230.03,933.4,42.8,1.25e-05,20.1,4.09,3.31,1,2512.6
Zn (100.0%),"4.27, 5.2, 4.54",P4/mmm,230.03,933.4,42.8,1.25e-05,20.1,4.09,3.31,1,2512.6
Cu (100.0%),"4.04, 5.72, 4.17",Fm-3m,230.03,933.4,42.8,1.25e-05,20.1,4.09,3.31,0,2512.6
"Ni (87.9%), Mg (12.1%)","3.89, 6.0, 5.8",Fm-3m,230.03,933.4,42.8,1.25e-05,20.1,4.09,3.31,0,2512.6
"Mg (3.1%), Fe (96.9%)","5.65, 3.94, 5.31",Fm-3m,230.03,933.4,42.8,1.25e-05,20.1,4.09,3.31,1,2512.6
Co (100.0%),"3.81, 5.64, 4.42",Pnma,230.03,933.4,42.8,1.25e-05,20.1,4.09,3.31,1,2512.6
Fe (100.0%),"5.24, 6.0, 3.56",P4/mmm,230.03,933.4,42.8,1.25e-05,20.1,4.09,3.31,1,2512.6
"Zn (89.8%), Si (10.2%)","5.61, 3.83, 5.33",P4/mmm,230.03,933.4,42.8,1.25e-05,20.1,4.09,3.31,1,2512.6
"Si (69.4%), Co (30.6%)","4.94, 3.65, 4.05",Pnma,230.03,933.4,42.8,1.25e-05,20.1,4.09,3.31,0,2512.6
Mg (100.0%),"5.93, 3.94, 3.56",Pnma,230.03,933.4,42.8,1.25e-05,20.1,4.09,3.31,1,2512.6
"Cu (33.3%), Co (66.7%)","5.22, 5.79, 4.29",C2/c,230.03,933.4,42.8,1.25e-05,20.1,4.09,3.31,1,2512.6
Si (100.0%),"5.03, 4.84, 4.03",Pnma,230.03,933.4,42.8,1.25e-05,20.1,4.09,3.31,1,2512.6
Zn (100.0%),"4.06, 4.74, 4.95",C2/c,230.03,933.4,42.8,1.25e-05,20.1,4.09,3.31,0,2512.6
Si (100.0%),"5.76, 4.78, 4.34",Pnma,230.03,933.4,42.8,1.25e-05,20.1,4.09,3.31,1,2512.6
Si (100.0%),"3.86, 4.8, 4.17",P4/mmm,230.03,933.4,42.8,1.25e-05,20.1,4.09,3.31,0,2512.6
Co (100.0%),"4.86, 3.6, 5.88",P4/mmm,230.03,933.4,42.8,1.25e-05,20.1,4.09,3.31,1,2512.6
Ni (100.0%),"5.65, 5.04, 4.19",Fd-3m,230.03,933.4,42.8,1.25e-05,20.1,4.09,3.31,0,2512.6
Cu (100.0%),"3.73, 3.78, 3.99",Fm-3m,230.03,933.4,42.8,1.25e-05,20.1,4.09,3.31,1,2512.6
Cu (100.0%),"5.89, 4.74, 5.04",Fd-3m,230.03,933.4,42.8,1.25e-05,20.1,4.09,3.31,0,2512.6
Co (100.0%),"4.15, 3.88, 4.08",Fm-3m,230.03,933.4,42.8,1.25e-05,20.1,4.09,3.31,0,2512.6
"Ni (16.9%), Cu (83.1%)","5.61, 4.65, 4.39",Fm-3m,230.03,933.4,42.8,1.25e-05,20.1,4.09,3.31,0,2512.6
Si (100.0%),"4.13, 5.06, 3.61",Fd-3m,230.03,933.4,42.8,1.25e-05,20.1,4.09,3.31,1,2512.6
"Fe (34.7%), Co (65.3%)","5.62, 5.44, 5.51",P4/mmm,230.03,933.4,42.8,1.25e-05,20.1,4.09,3.31,0,2512.6
"Ti (57.2%), Al (42.8%)","5.27, 4.55, 5.52",P4/mmm,230.03,933.4,42.8,1.25e-05,20.1,4.09,3.31,1,2512.6
Al (100.0%),"5.61, 5.75, 4.46",C2/c,230.03,933.4,42.8,1.25e-05,20.1,4.09,3.31,1,2512.6
"Si (71.7%), Al (28.3%)","5.67, 5.28, 5.84",Pnma,230.03,933.4,42.8,1.25e-05,20.1,4.09,3.31,0,2512.6
Zn (100.0%),"4.51, 4.64, 5.23",P4/mmm,230.03,933.4,42.8,1.25e-05,20.1,4.09,3.31,0,2512.6
Mg (100.0%),"4.31, 4.68, 5.56",Fd-3m,230.03,933.4,42.8,1.25e-05,20.1,4.09,3.31,1,2512.6
"Fe (49.2%), Mg (50.8%)","5.24, 5.99, 3.73",Pnma,230.03,933.4,42.8,1.25e-05,20.1,4.09,3.31,1,2512.6
Zn (100.0%),"5.53, 3.81, 4.03",Pnma,230.03,933.4,42.8,1.25e-05,20.1,4.09,3.31,0,2512.6
"Co (26.4%), Ti (73.6%)","4.66, 4.62, 5.22",Fd-3m,230.03,933.4,42.8,1.25e-05,20.1,4.09,3.31,1,2512.6
"Si (88.6%), Mg (11.4%)","3.85, 5.44, 4.4",P4/mmm,230.03,933.4,42.8,1.25e-05,20.1,4.09,3.31,1,2512.6
"Si (93.4%), Fe (6.6%)","3.95, 5.11, 4.65",Fd-3m,230.03,933.4,42.8,1.25e-05,20.1,4.09,3.31,0,2512.6
"Mg (92.2%), Ti (7.8%)","5.7, 4.21, 4.16",C2/c,230.03,933.4,42.8,1.25e-05,20.1,4.09,3.31,0,2512.6
"Mg (97.2%), Ni (2.8%)","4.2, 5.6, 4.52",Fd-3m,230.03,933.4,42.8,1.25e-05,20.1,4.09,3.31,1,2512.6
Zn (100.0%),"5.0, 4.25, 4.79",Fd-3m,230.03,933.4,42.8,1.25e-05,20.1,4.09,3.31,0,2512.6
Si (100.0%),"5.34, 4.6, 4.66",Pnma,230.03,933.4,42.8,1.25e-05,20.1,4.09,3.31,1,2512.6
Fe (100.0%),"5.1, 4.61, 3.86",P4/mmm,230.03,933.4,42.8,1.25e-05,20.1,4.09,3.31,0,2512.6
Si (100.0%),"3.77, 5.66, 5.9",Pnma,230.03,933.4,42.8,1.25e-05,20.1,4.09,3.31,0,2512.6
"Si (23.8%), Zn (76.2%)","4.91, 3.58, 5.2",Pnma,230.03,933.4,42.8,1.25e-05,20.1,4.09,3.31,1,2512.6
Ti (100.0%),"4.36, 4.19, 4.14",Pnma,230.03,933.4,42.8,1.25e-05,20.1,4.09,3.31,1,2512.6
Mg (100.0%),"4.15, 3.82, 3.99",Fm-3m,230.03,933.4,42.8,1.25e-05,20.1,4.09,3.31,0,2512.6
Si (100.0%),"5.84, 3.99, 5.9",Fd-3m,230.03,933.4,42.8,1.25e-05,20.1,4.09,3.31,0,2512.6
Si (100.0%),"4.39, 4.16, 5.92",P4/mmm,230.03,933.4,42.8,1.25e-05,20.1,4.09,3.31,0,2512.6
"Ti (5.9%), Zn (94.1%)","3.7, 5.7, 4.42",C2/c,230.03,933.4,42.8,1.25e-05,20.1,4.09,3.31,1,2512.6
"Si (88.8%), Mg (11.2%)","4.28, 4.72, 4.38",Pnma,230.03,933.4,42.8,1.25e-05,20.1,4.09,3.31,0,2512.6
Mg (100.0%),"5.26, 5.98, 4.95",P4/mmm,230.03,933.4,42.8,1.25e-05,20.1,4.09,3.31,0,2512.6
"Ti (70.2%), Si (29.8%)","4.48, 5.94, 3.62",Fm-3m,230.03,933.4,42.8,1.25e-05,20.1,4.09,3.31,0,2512.6
"Co (78.8%), Ti (21.2%)","5.72, 4.16, 5.3",Fm-3m,230.03,933.4,42.8,1.25e-05,20.1,4.09,3.31,0,2512.6
"Co (36.2%), Zn (63.8%)","4.07, 5.15, 5.41",Pnma,230.03,933.4,42.8,1.25e-05,20.1,4.09,3.31,0,2512.6
Co (100.0%),"5.98, 4.07, 4.41",Fd-3m,230.03,933.4,42.8,1.25e-05,20.1,4.09,3.31,1,2512.6
"Al (22.9%), Mg (77.1%)","4.98, 4.78, 4.16",P4/mmm,230.03,933.4,42.8,1.25e-05,20.1,4.09,3.31,0,2512.6
"Zn (49.0%), Co (51.0%)","3.9, 3.85, 4.41",P4/mmm,230.03,933.4,42.8,1.25e-05,20.1,4.09,3.31,1,2512.6
Ni (100.0%),"4.43, 5.5, 5.48",Fd-3m,230.03,933.4,42.8,1.25e-05,20.1,4.09,3.31,1,2512.6
Al (100.0%),"4.73, 4.55, 5.2",P4/mmm,230.03,933.4,42.8,1.25e-05,20.1,4.09,3.31,0,2512.6
"Si (0.1%), Co (99.9%)","3.85, 5.94, 4.1",Fd-3m,230.03,933.4,42.8,1.25e-05,20.1,4.09,3.31,1,2512.6
Co (100.0%),"4.27, 4.69, 4.66",C2/c,230.03,933.4,42.8,1.25e-05,20.1,4.09,3.31,1,2512.6
Fe (100.0%),"3.59, 5.05, 4.22",Pnma,230.03,933.4,42.8,1.25e-05,20.1,4.09,3.31,0,2512.6
Fe (100.0%),"3.58, 5.93, 4.66",Fd-3m,230.03,933.4,42.8,1.25e-05,20.1,4.09,3.31,0,2512.6
Zn (100.0%),"5.33, 4.53, 4.0",Fd-3m,230.03,933.4,42.8,1.25e-05,20.1,4.09,3.31,0,2512.6
Al (100.0%),"3.86, 3.53, 3.57",Fm-3m,230.03,933.4,42.8,1.25e-05,20.1,4.09,3.31,1,2512.6
"Si (43.8%), Mg (56.2%)","4.1, 3.69, 3.54",P4/mmm,230.03,933.4,42.8,1.25e-05,20.1,4.09,3.31,0,2512.6
"Ni (64.6%), Zn (35.4%)","5.1, 4.44, 5.91",Fm-3m,230.03,933.4,42.8,1.25e-05,20.1,4.09,3.31,0,2512.6
"Ti (39.9%), Fe (60.1%)","5.41, 5.89, 4.48",Fd-3m,230.03,933.4,42.8,1.25e-05,20.1,4.09,3.31,0,2512.6
Ni (100.0%),"5.23, 4.2, 5.12",Fd-3m,230.03,933.4,42.8,1.25e-05,20.1,4.09,3.31,0,2512.6
"Cu (80.5%), Al (19.5%)","5.1, 5.03, 4.61",Fd-3m,230.03,933.4,42.8,1.25e-05,20.1,4.09,3.31,0,2512.6
"Al (92.6%), Co (7.4%)","4.64, 5.54, 5.66",Pnma,230.03,933.4,42.8,1.25e-05,20.1,4.09,3.31,1,2512.6
Cu (100.0%),"3.74, 5.3, 5.29",Fm-3m,230.03,933.4,42.8,1.25e-05,20.1,4.09,3.31,1,2512.6
"Si (2.1%), Zn (97.9%)","5.03, 5.22, 5.39",Fd-3m,230.03,933.4,42.8,1.25e-05,20.1,4.09,3.31,0,2512.6
"Si (64.1%), Mg (35.9%)","3.66, 5.94, 3.99",Pnma,230.03,933.4,42.8,1.25e-05,20.1,4.09,3.31,0,2512.6
Fe (100.0%),"3.98, 5.8, 4.35",Fd-3m,230.03,933.4,42.8,1.25e-05,20.1,4.09,3.31,0,2512.6
"Ni (55.4%), Mg (44.6%)","3.85, 4.98, 4.38",Fm-3m,230.03,933.4,42.8,1.25e-05,20.1,4.09,3.31,1,2512.6
"Ti (32.6%), Co (67.4%)","3.6, 4.57, 3.54",Fm-3m,230.03,933.4,42.8,1.25e-05,20.1,4.09,3.31,0,2512.6
Cu (100.0%),"5.91, 5.98, 5.71",C2/c,230.03,933.4,42.8,1.25e-05,20.1,4.09,3.31,1,2512.6
"Si (52.6%), Ti (47.4%)","4.44, 5.1, 3.68",Pnma,230.03,933.4,42.8,1.25e-05,20.1,4.09,3.31,1,2512.6
Fe (100.0%),"4.93, 5.33, 4.42",Fd-3m,230.03,933.4,42.8,1.25e-05,20.1,4.09,3.31,0,2512.6
Si (100.0%),"5.94, 5.84, 4.84",Fd-3m,230.03,933.4,42.8,1.25e-05,20.1,4.09,3.31,0,2512.6
"Al (52.3%), Cu (47.7%)","5.14, 5.34, 5.41",P4/mmm,230.03,933.4,42.8,1.25e-05,20.1,4.09,3.31,1,2512.6
Ti (100.0%),"5.41, 5.04, 4.07",Pnma,230.03,933.4,42.8,1.25e-05,20.1,4.09,3.31,0,2512.6
Ni (100.0%),"5.3, 5.24, 4.29",P4/mmm,230.03,933.4,42.8,1.25e-05,20.1,4.09,3.31,0,2512.6
"Si (87.1%), Al (12.9%)","4.57, 5.98, 4.07",Pnma,230.03,933.4,42.8,1.25e-05,20.1,4.09,3.31,0,2512.6
"Si (12.7%), Co (87.3%)","3.77, 5.18, 5.11",Fm-3m,230.03,933.4,42.8,1.25e-05,20.1,4.09,3.31,1,2512.6
"Ti (37.1%), Cu (62.9%)","5.21, 4.13, 4.73",Pnma,230.03,933.4,42.8,1.25e-05,20.1,4.09,3.31,1,2512.6
"Si (69.5%), Ni (30.5%)","5.15, 3.83, 4.93",P4/mmm,230.03,933.4,42.8,1.25e-05,20.1,4.09,3.31,1,2512.6
Co (100.0%),"4.08, 5.72, 4.5",Fd-3m,230.03,933.4,42.8,1.25e-05,20.1,4.09,3.31,0,2512.6
"Mg (96.5%), Ni (3.5%)","4.31, 5.73, 5.21",P4/mmm,230.03,933.4,42.8,1.25e-05,20.1,4.09,3.31,0,2512.6
"Co (69.4%), Si (30.6%)","3.6, 5.0, 5.52",P4/mmm,230.03,933.4,42.8,1.25e-05,20.1,4.09,3.31,1,2512.6
Cu (100.0%),"4.07, 5.77, 5.94",Pnma,230.03,933.4,42.8,1.25e-05,20.1,4.09,3.31,1,2512.6
"Ti (90.8%), Fe (9.2%)","4.84, 5.02, 5.87",Fm-3m,230.03,933.4,42.8,1.25e-05,20.1,4.09,3.31,1,2512.6
"Fe (55.6%), Mg (44.4%)","4.13, 4.68, 3.71",Fm-3m,230.03,933.4,42.8,1.25e-05,20.1,4.09,3.31,0,2512.6
Ni (100.0%),"4.11, 4.2, 3.57",Fm-3m,230.03,933.4,42.8,1.25e-05,20.1,4.09,3.31,1,2512.6
Al (100.0%),"4.8, 4.03, 4.74",Pnma,230.03,933.4,42.8,1.25e-05,20.1,4.09,3.31,1,2512.6
"Ti (30.2%), Co (69.8%)","5.93, 4.37, 5.6",Fm-3m,230.03,933.4,42.8,1.25e-05,20.1,4.09,3.31,0,2512.6
"Si (45.8%), Mg (54.2%)","5.17, 4.77, 3.53",Pnma,230.03,933.4,42.8,1.25e-05,20.1,4.09,3.31,0,2512.6
Mg (100.0%),"5.63, 5.81, 4.41",C2/c,230.03,933.4,42.8,1.25e-05,20.1,4.09,3.31,0,2512.6
"Cu (55.5%), Zn (44.5%)","3.6, 5.11, 5.02",Fd-3m,230.03,933.4,42.8,1.25e-05,20.1,4.09,3.31,1,2512.6
"Ti (59.3%), Zn (40.7%)","5.66, 5.82, 3.93",C2/c,230.03,933.4,42.8,1.25e-05,20.1,4.09,3.31,1,2512.6
Si (100.0%),"3.63, 4.3, 5.52",C2/c,230.03,933.4,42.8,1.25e-05,20.1,4.09,3.31,1,2512.6
"Mg (93.2%), Fe (6.8%)","4.9, 3.62, 3.77",C2/c,230.03,933.4,42.8,1.25e-05,20.1,4.09,3.31,1,2512.6
Si (100.0%),"4.18, 4.01, 4.81",Pnma,230.03,933.4,42.8,1.25e-05,20.1,4.09,3.31,0,2512.6
Ti (100.0%),"3.8, 5.68, 4.86",P4/mmm,230.03,933.4,42.8,1.25e-05,20.1,4.09,3.31,1,2512.6
Zn (100.0%),"3.7, 4.11, 5.76",P4/mmm,230.03,933.4,42.8,1.25e-05,20.1,4.09,3.31,1,2512.6
"Mg (77.3%), Ti (22.7%)","5.66, 4.81, 3.78",Pnma,230.03,933.4,42.8,1.25e-05,20.1,4.09,3.31,0,2512.6
Si (100.0%),"4.81, 4.61, 5.44",Fm-3m,230.03,933.4,42.8,1.25e-05,20.1,4.09,3.31,0,2512.6
"Fe (3.8%), Ti (96.2%)","3.69, 4.57, 5.65",P4/mmm,230.03,933.4,42.8,1.25e-05,20.1,4.09,3.31,1,2512.6
Zn (100.0%),"3.89, 5.28, 5.39",Fd-3m,230.03,933.4,42.8,1.25e-05,20.1,4.09,3.31,1,2512.6
Mg (100.0%),"3.9, 5.79, 4.2",Fd-3m,230.03,933.4,42.8,1.25e-05,20.1,4.09,3.31,0,2512.6
"Al (41.1%), Fe (58.9%)","5.13, 5.99, 5.55",Fm-3m,230.03,933.4,42.8,1.25e-05,20.1,4.09,3.31,0,2512.6
Si (100.0%),"4.6, 3.57, 5.4",C2/c,230.03,933.4,42.8,1.25e-05,20.1,4.09,3.31,1,2512.6
Ni (100.0%),"4.79, 5.52, 3.8",P4/mmm,230.03,933.4,42.8,1.25e-05,20.1,4.09,3.31,1,2512.6
Zn (100.0%),"4.08, 3.97, 5.13",Fm-3m,230.03,933.4,42.8,1.25e-05,20.1,4.09,3.31,1,2512.6
Fe (100.0%),"5.72, 5.5, 4.16",C2/c,230.03,933.4,42.8,1.25e-05,20.1,4.09,3.31,1,2512.6
"Si (70.7%), Cu (29.3%)","5.36, 5.17, 4.36",C2/c,230.03,933.4,42.8,1.25e-05,20.1,4.09,3.31,1,2512.6
Co (100.0%),"4.9, 5.35, 3.84",Fm-3m,230.03,933.4,42.8,1.25e-05,20.1,4.09,3.31,1,2512.6
Fe (100.0%),"4.16, 5.25, 4.49",Pnma,230.03,933.4,42.8,1.25e-05,20.1,4.09,3.31,0,2512.6
"Co (11.3%), Si (88.7%)","5.55, 5.98, 5.54",C2/c,230.03,933.4,42.8,1.25e-05,20.1,4.09,3.31,1,2512.6
"Si (19.4%), Ni (80.6%)","4.77, 3.83, 4.24",Fd-3m,230.03,933.4,42.8,1.25e-05,20.1,4.09,3.31,1,2512.6
Mg (100.0%),"4.27, 5.17, 4.74",C2/c,230.03,933.4,42.8,1.25e-05,20.1,4.09,3.31,1,2512.6
"Al (12.1%), Co (87.9%)","5.58, 5.68, 5.33",Pnma,230.03,933.4,42.8,1.25e-05,20.1,4.09,3.31,0,2512.6
"Co (47.8%), Ni (52.2%)","3.87, 3.73, 5.96",Fd-3m,230.03,933.4,42.8,1.25e-05,20.1,4.09,3.31,1,2512.6
Al (100.0%),"5.53, 4.31, 3.82",C2/c,230.03,933.4,42.8,1.25e-05,20.1,4.09,3.31,1,2512.6
"Ti (79.1%), Fe (20.9%)","4.93, 5.15, 3.82",Fd-3m,230.03,933.4,42.8,1.25e-05,20.1,4.09,3.31,1,2512.6
Cu (100.0%),"3.51, 4.95, 4.72",Fd-3m,230.03,933.4,42.8,1.25e-05,20.1,4.09,3.31,0,2512.6
Fe (100.0%),"3.57, 5.3, 5.4",Fd-3m,230.03,933.4,42.8,1.25e-05,20.1,4.09,3.31,1,2512.6
"Si (10.9%), Ni (89.1%)","3.62, 5.22, 4.85",Fd-3m,230.03,933.4,42.8,1.25e-05,20.1,4.09,3.31,0,2512.6
"Mg (96.1%), Al (3.9%)","4.59, 3.8, 5.46",Fm-3m,230.03,933.4,42.8,1.25e-05,20.1,4.09,3.31,0,2512.6
Al (100.0%),"4.07, 3.52, 4.62",Pnma,230.03,933.4,42.8,1.25e-05,20.1,4.09,3.31,0,2512.6
Fe (100.0%),"4.03, 5.97, 4.23",P4/mmm,230.03,933.4,42.8,1.25e-05,20.1,4.09,3.31,1,2512.6
"Ni (46.1%), Si (53.9%)","3.79, 4.24, 3.81",Fd-3m,230.03,933.4,42.8,1.25e-05,20.1,4.09,3.31,1,2512.6
Fe (100.0%),"4.72, 4.92, 5.53",C2/c,230.03,933.4,42.8,1.25e-05,20.1,4.09,3.31,0,2512.6
Zn (100.0%),"5.01, 4.78, 3.83",Pnma,230.03,933.4,42.8,1.25e-05,20.1,4.09,3.31,1,2512.6
Ti (100.0%),"3.57, 5.81, 4.88",P4/mmm,230.03,933.4,42.8,1.25e-05,20.1,4.09,3.31,0,2512.6
Ti (100.0%),"3.93, 5.39, 5.57",Pnma,230.03,933.4,42.8,1.25e-05,20.1,4.09,3.31,1,2512.6
"Mg (96.0%), Fe (4.0%)","4.98, 3.87, 5.98",Fd-3m,230.03,933.4,42.8,1.25e-05,20.1,4.09,3.31,0,2512.6
"Cu (70.3%), Zn (29.7%)","5.42, 6.0, 4.2",Fd-3m,230.03,933.4,42.8,1.25e-05,20.1,4.09,3.31,0,2512.6
"Al (41.2%), Ti (58.8%)","4.31, 3.76, 4.28",Fd-3m,230.03,933.4,42.8,1.25e-05,20.1,4.09,3.31,1,2512.6
Ni (100.0%),"5.81, 5.21, 5.18",Fd-3m,230.03,933.4,42.8,1.25e-05,20.1,4.09,3.31,0,2512.6
Al (100.0%),"3.7, 5.16, 5.8",Fd-3m,230.03,933.4,42.8,1.25e-05,20.1,4.09,3.31,1,2512.6
Mg (100.0%),"3.91, 4.71, 4.14",C2/c,230.03,933.4,42.8,1.25e-05,20.1,4.09,3.31,1,2512.6
"Ni (48.9%), Co (51.1%)","4.3, 4.56, 5.1",P4/mmm,230.03,933.4,42.8,1.25e-05,20.1,4.09,3.31,0,2512.6
"Mg (28.2%), Al (71.8%)","4.07, 5.57, 3.96",C2/c,230.03,933.4,42.8,1.25e-05,20.1,4.09,3.31,1,2512.6
"Ti (45.2%), Cu (54.8%)","5.82, 4.23, 4.03",Fm-3m,230.03,933.4,42.8,1.25e-05,20.1,4.09,3.31,1,2512.6
"Cu (10.0%), Co (90.0%)","4.99, 5.91, 6.0",Fm-3m,230.03,933.4,42.8,1.25e-05,20.1,4.09,3.31,0,2512.6
"Co (7.1%), Zn (92.9%)","4.64, 5.77, 3.61",Pnma,230.03,933.4,42.8,1.25e-05,20.1,4.09,3.31,0,2512.6
Ti (100.0%),"5.13, 4.0, 4.03",P4/mmm,230.03,933.4,42.8,1.25e-05,20.1,4.09,3.31,1,2512.6
Ti (100.0%),"4.64, 3.67, 3.51",Fm-3m,230.03,933.4,42.8,1.25e-05,20.1,4.09,3.31,1,2512.6
"Ni (56.7%), Fe (43.3%)","4.07, 4.45, 3.92",P4/mmm,230.03,933.4,42.8,1.25e-05,20.1,4.09,3.31,1,2512.6
Fe (100.0%),"5.21, 3.59, 4.01",Fd-3m,230.03,933.4,42.8,1.25e-05,20.1,4.09,3.31,1,2512.6
Zn (100.0%),"5.56, 4.18, 4.01",C2/c,230.03,933.4,42.8,1.25e-05,20.1,4.09,3.31,0,2512.6
"Fe (83.7%), Zn (16.3%)","4.48, 3.65, 5.59",P4/mmm,230.03,933.4,42.8,1.25e-05,20.1,4.09,3.31,0,2512.6
Ni (100.0%),"5.99, 5.57, 4.51",Fm-3m,230.03,933.4,42.8,1.25e-05,20.1,4.09,3.31,0,2512.6
Al (100.0%),"4.67, 3.81, 4.26",Fm-3m,230.03,933.4,42.8,1.25e-05,20.1,4.09,3.31,1,2512.6
Co (100.0%),"3.94, 3.91, 5.18",Pnma,230.03,933.4,42.8,1.25e-05,20.1,4.09,3.31,0,2512.6
Ti (100.0%),"4.4, 5.88, 5.26",P4/mmm,230.03,933.4,42.8,1.25e-05,20.1,4.09,3.31,0,2512.6
"Mg (85.2%), Ti (14.8%)","5.85, 5.63, 5.34",Fm-3m,230.03,933.4,42.8,1.25e-05,20.1,4.09,3.31,0,2512.6
Ni (100.0%),"5.2, 4.51, 4.89",C2/c,230.03,933.4,42.8,1.25e-05,20.1,4.09,3.31,0,2512.6
Al (100.0%),"3.83, 4.52, 4.84",Pnma,230.03,933.4,42.8,1.25e-05,20.1,4.09,3.31,1,2512.6
Al (100.0%),"4.42, 5.19, 4.44",Pnma,230.03,933.4,42.8,1.25e-05,20.1,4.09,3.31,1,2512.6
"Mg (25.4%), Al (74.6%)","4.07, 5.72, 5.75",P4/mmm,230.03,933.4,42.8,1.25e-05,20.1,4.09,3.31,1,2512.6
Co (100.0%),"4.31, 4.27, 3.89",C2/c,230.03,933.4,42.8,1.25e-05,20.1,4.09,3.31,0,2512.6
Cu (100.0%),"4.99, 3.73, 5.5",Fm-3m,230.03,933.4,42.8,1.25e-05,20.1,4.09,3.31,1,2512.6
"Zn (63.5%), Al (36.5%)","4.29, 4.97, 3.9",Fm-3m,230.03,933.4,42.8,1.25e-05,20.1,4.09,3.31,0,2512.6
"Ti (50.9%), Al (49.1%)","3.56, 4.0, 4.57",Fm-3m,230.03,933.4,42.8,1.25e-05,20.1,4.09,3.31,1,2512.6
"Cu (79.3%), Al (20.7%)","4.92, 5.64, 3.65",P4/mmm,230.03,933.4,42.8,1.25e-05,20.1,4.09,3.31,0,2512.6
Si (100.0%),"5.1, 4.05, 5.75",Pnma,230.03,933.4,42.8,1.25e-05,20.1,4.09,3.31,1,2512.6
Ni (100.0%),"3.77, 4.12, 5.26",Pnma,230.03,933.4,42.8,1.25e-05,20.1,4.09,3.31,1,2512.6
"Zn (29.4%), Mg (70.6%)","6.0, 5.37, 5.94",Fm-3m,230.03,933.4,42.8,1.25e-05,20.1,4.09,3.31,1,2512.6
Zn (100.0%),"4.55, 4.93, 3.88",Fm-3m,230.03,933.4,42.8,1.25e-05,20.1,4.09,3.31,1,2512.6
"Cu (90.4%), Al (9.6%)","5.44, 5.1, 5.89",P4/mmm,230.03,933.4,42.8,1.25e-05,20.1,4.09,3.31,1,2512.6
Ni (100.0%),"5.72, 3.82, 4.47",P4/mmm,230.03,933.4,42.8,1.25e-05,20.1,4.09,3.31,1,2512.6
Ti (100.0%),"5.07, 5.0, 5.9",Fd-3m,230.03,933.4,42.8,1.25e-05,20.1,4.09,3.31,1,2512.6
"Zn (67.6%), Ti (32.4%)","3.64, 5.5, 4.51",P4/mmm,230.03,933.4,42.8,1.25e-05,20.1,4.09,3.31,0,2512.6
Cu (100.0%),"5.88, 3.73, 5.89",Pnma,230.03,933.4,42.8,1.25e-05,20.1,4.09,3.31,1,2512.6
"Co (50.0%), Zn (50.0%)","4.3, 5.1, 4.47",Fm-3m,230.03,933.4,42.8,1.25e-05,20.1,4.09,3.31,0,2512.6
Fe (100.0%),"4.9, 5.85, 5.02",Pnma,230.03,933.4,42.8,1.25e-05,20.1,4.09,3.31,0,2512.6
"Fe (86.0%), Zn (14.0%)","5.38, 5.77, 4.7",C2/c,230.03,933.4,42.8,1.25e-05,20.1,4.09,3.31,0,2512.6
"Co (72.4%), Mg (27.6%)","5.73, 4.62, 3.95",Pnma,230.03,933.4,42.8,1.25e-05,20.1,4.09,3.31,1,2512.6
"Mg (26.2%), Co (73.8%)","5.26, 3.73, 3.99",Fd-3m,230.03,933.4,42.8,1.25e-05,20.1,4.09,3.31,0,2512.6
Co (100.0%),"4.38, 4.21, 5.99",P4/mmm,230.03,933.4,42.8,1.25e-05,20.1,4.09,3.31,1,2512.6
"Ni (5.9%), Cu (94.1%)","4.56, 5.3, 5.07",Pnma,230.03,933.4,42.8,1.25e-05,20.1,4.09,3.31,1,2512.6
"Zn (25.0%), Cu (75.0%)","3.66, 4.02, 5.56",C2/c,230.03,933.4,42.8,1.25e-05,20.1,4.09,3.31,1,2512.6
"Ti (39.2%), Co (60.8%)","3.53, 4.55, 3.63",Fm-3m,230.03,933.4,42.8,1.25e-05,20.1,4.09,3.31,0,2512.6
Al (100.0%),"5.36, 4.0, 5.85",Fd-3m,230.03,933.4,42.8,1.25e-05,20.1,4.09,3.31,1,2512.6
"Al (79.6%), Si (20.4%)","4.55, 4.82, 3.51",P4/mmm,230.03,933.4,42.8,1.25e-05,20.1,4.09,3.31,1,2512.6
"Ti (18.4%), Ni (81.6%)","3.92, 5.67, 5.81",P4/mmm,230.03,933.4,42.8,1.25e-05,20.1,4.09,3.31,0,2512.6
"Ti (82.2%), Al (17.8%)","3.97, 3.55, 3.57",Fm-3m,230.03,933.4,42.8,1.25e-05,20.1,4.09,3.31,1,2512.6
Ni (100.0%),"3.78, 5.92, 5.99",P4/mmm,230.03,933.4,42.8,1.25e-05,20.1,4.09,3.31,1,2512.6
"Cu (7.3%), Ni (92.7%)","3.97, 4.99, 3.67",C2/c,230.03,933.4,42.8,1.25e-05,20.1,4.09,3.31,1,2512.6
"Cu (94.4%), Mg (5.6%)","4.93, 5.97, 4.45",C2/c,230.03,933.4,42.8,1.25e-05,20.1,4.09,3.31,1,2512.6
Si (100.0%),"3.53, 5.52, 3.95",Fd-3m,230.03,933.4,42.8,1.25e-05,20.1,4.09,3.31,0,2512.6
"Al (90.6%), Ni (9.4%)","3.54, 5.75, 3.95",Fd-3m,230.03,933.4,42.8,1.25e-05,20.1,4.09,3.31,0,2512.6
"Ni (85.7%), Fe (14.3%)","3.97, 4.62, 4.4",Fd-3m,230.03,933.4,42.8,1.25e-05,20.1,4.09,3.31,0,2512.6
"Co (73.0%), Cu (27.0%)","5.21, 5.13, 3.81",Pnma,230.03,933.4,42.8,1.25e-05,20.1,4.09,3.31,0,2512.6
Si (100.0%),"5.02, 5.41, 5.19",C2/c,230.03,933.4,42.8,1.25e-05,20.1,4.09,3.31,1,2512.6
Si (100.0%),"4.33, 4.47, 4.9",P4/mmm,230.03,933.4,42.8,1.25e-05,20.1,4.09,3.31,0,2512.6
Ti (100.0%),"5.33, 3.89, 5.21",P4/mmm,230.03,933.4,42.8,1.25e-05,20.1,4.09,3.31,1,2512.6
"Ti (35.5%), Ni (64.5%)","4.09, 4.51, 4.25",P4/mmm,230.03,933.4,42.8,1.25e-05,20.1,4.09,3.31,1,2512.6
"Al (70.4%), Si (29.6%)","3.58, 4.68, 4.57",Pnma,230.03,933.4,42.8,1.25e-05,20.1,4.09,3.31,0,2512.6
"Fe (94.0%), Al (6.0%)","3.93, 5.23, 4.11",C2/c,230.03,933.4,42.8,1.25e-05,20.1,4.09,3.31,1,2512.6
Cu (100.0%),"4.77, 4.06, 5.37",C2/c,230.03,933.4,42.8,1.25e-05,20.1,4.09,3.31,0,2512.6
Ti (100.0%),"3.64, 5.09, 3.61",C2/c,230.03,933.4,42.8,1.25e-05,20.1,4.09,3.31,0,2512.6
Zn (100.0%),"5.09, 4.77, 4.8",Pnma,230.03,933.4,42.8,1.25e-05,20.1,4.09,3.31,0,2512.6
"Fe (62.9%), Ti (37.1%)","5.58, 3.96, 4.24",C2/c,230.03,933.4,42.8,1.25e-05,20.1,4.09,3.31,0,2512.6
"Cu (41.7%), Zn (58.3%)","5.99, 4.95, 4.89",Fm-3m,230.03,933.4,42.8,1.25e-05,20.1,4.09,3.31,0,2512.6
"Co (22.3%), Fe (77.7%)","5.35, 3.71, 5.93",C2/c,230.03,933.4,42.8,1.25e-05,20.1,4.09,3.31,0,2512.6
Ni (100.0%),"5.22, 3.62, 5.95",Fd-3m,230.03,933.4,42.8,1.25e-05,20.1,4.09,3.31,0,2512.6
Si (100.0%),"4.01, 5.29, 5.5",C2/c,230.03,933.4,42.8,1.25e-05,20.1,4.09,3.31,1,2512.6
"Cu (41.0%), Si (59.0%)","4.0, 4.01, 3.78",C2/c,230.03,933.4,42.8,1.25e-05,20.1,4.09,3.31,1,2512.6
Cu (100.0%),"5.33, 4.08, 4.68",Fm-3m,230.03,933.4,42.8,1.25e-05,20.1,4.09,3.31,0,2512.6
"Si (19.0%), Co (81.0%)","5.08, 4.51, 5.47",Fm-3m,230.03,933.4,42.8,1.25e-05,20.1,4.09,3.31,0,2512.6
"Al (64.4%), Si (35.6%)","5.96, 5.46, 3.52",P4/mmm,230.03,933.4,42.8,1.25e-05,20.1,4.09,3.31,0,2512.6
"Ti (84.2%), Al (15.8%)","3.9, 5.35, 4.59",P4/mmm,230.03,933.4,42.8,1.25e-05,20.1,4.09,3.31,0,2512.6
"Fe (50.8%), Co (49.2%)","3.63, 5.15, 5.56",Fm-3m,230.03,933.4,42.8,1.25e-05,20.1,4.09,3.31,1,2512.6
"Fe (18.2%), Co (81.8%)","3.54, 6.0, 4.51",Pnma,230.03,933.4,42.8,1.25e-05,20.1,4.09,3.31,0,2512.6
Cu (100.0%),"5.85, 5.08, 3.73",P4/mmm,230.03,933.4,42.8,1.25e-05,20.1,4.09,3.31,1,2512.6
Fe (100.0%),"3.91, 3.86, 4.82",Pnma,230.03,933.4,42.8,1.25e-05,20.1,4.09,3.31,1,2512.6
Co (100.0%),"5.55, 5.91, 5.83",Pnma,230.03,933.4,42.8,1.25e-05,20.1,4.09,3.31,0,2512.6
"Al (62.1%), Fe (37.9%)","4.62, 5.21, 5.15",Pnma,230.03,933.4,42.8,1.25e-05,20.1,4.09,3.31,0,2512.6
"Fe (82.5%), Al (17.5%)","3.59, 4.43, 4.79",Fm-3m,230.03,933.4,42.8,1.25e-05,20.1,4.09,3.31,0,2512.6
"Ni (69.1%), Zn (30.9%)","5.42, 5.03, 5.36",Fd-3m,230.03,933.4,42.8,1.25e-05,20.1,4.09,3.31,1,2512.6
Al (100.0%),"4.72, 5.85, 3.6",Pnma,230.03,933.4,42.8,1.25e-05,20.1,4.09,3.31,1,2512.6
"Co (0.6%), Ti (99.4%)","4.74, 5.66, 4.04",P4/mmm,230.03,933.4,42.8,1.25e-05,20.1,4.09,3.31,1,2512.6
"Ti (77.9%), Cu (22.1%)","5.35, 4.73, 4.05",C2/c,230.03,933.4,42.8,1.25e-05,20.1,4.09,3.31,0,2512.6
Ti (100.0%),"3.59, 5.63, 5.83",P4/mmm,230.03,933.4,42.8,1.25e-05,20.1,4.09,3.31,1,2512.6
"Mg (21.6%), Si (78.4%)","4.71, 5.4, 4.32",P4/mmm,230.03,933.4,42.8,1.25e-05,20.1,4.09,3.31,1,2512.6
"Fe (13.7%), Al (86.3%)","5.64, 4.84, 4.33",C2/c,230.03,933.4,42.8,1.25e-05,20.1,4.09,3.31,0,2512.6
Co (100.0%),"4.31, 5.7, 5.72",Fm-3m,230.03,933.4,42.8,1.25e-05,20.1,4.09,3.31,1,2512.6
"Ni (8.1%), Cu (91.9%)","4.94, 5.29, 4.65",Fm-3m,230.03,933.4,42.8,1.25e-05,20.1,4.09,3.31,0,2512.6
Ni (100.0%),"5.42, 5.77, 5.27",P4/mmm,230.03,933.4,42.8,1.25e-05,20.1,4.09,3.31,1,2512.6
"Fe (96.1%), Al (3.9%)","4.63, 3.68, 5.37",P4/mmm,230.03,933.4,42.8,1.25e-05,20.1,4.09,3.31,1,2512.6
Cu (100.0%),"5.1, 4.28, 3.76",Fd-3m,230.03,933.4,42.8,1.25e-05,20.1,4.09,3.31,1,2512.6
Co (100.0%),"4.78, 4.59, 5.85",Fm-3m,230.03,933.4,42.8,1.25e-05,20.1,4.09,3.31,0,2512.6
Mg (100.0%),"4.28, 4.13, 4.68",Pnma,230.03,933.4,42.8,1.25e-05,20.1,4.09,3.31,1,2512.6
Ni (100.0%),"5.19, 4.78, 3.95",Fd-3m,230.03,933.4,42.8,1.25e-05,20.1,4.09,3.31,0,2512.6
"Cu (96.1%), Fe (3.9%)","4.72, 5.21, 4.82",P4/mmm,230.03,933.4,42.8,1.25e-05,20.1,4.09,3.31,0,2512.6
"Cu (26.3%), Fe (73.7%)","5.79, 5.75, 5.16",Fm-3m,230.03,933.4,42.8,1.25e-05,20.1,4.09,3.31,0,2512.6
Al (100.0%),"5.16, 5.76, 5.77",C2/c,230.03,933.4,42.8,1.25e-05,20.1,4.09,3.31,0,2512.6
Ni (100.0%),"3.98, 3.7, 5.63",C2/c,230.03,933.4,42.8,1.25e-05,20.1,4.09,3.31,0,2512.6
"Zn (93.6%), Ni (6.4%)","4.43, 5.43, 4.57",C2/c,230.03,933.4,42.8,1.25e-05,20.1,4.09,3.31,1,2512.6
Ni (100.0%),"5.04, 5.17, 4.19",C2/c,230.03,933.4,42.8,1.25e-05,20.1,4.09,3.31,0,2512.6
Zn (100.0%),"5.23, 5.32, 5.21",Pnma,230.03,933.4,42.8,1.25e-05,20.1,4.09,3.31,0,2512.6
"Fe (81.6%), Al (18.4%)","3.58, 5.69, 5.74",Fd-3m,230.03,933.4,42.8,1.25e-05,20.1,4.09,3.31,1,2512.6
"Co (26.0%), Cu (74.0%)","4.94, 5.51, 3.96",Fm-3m,230.03,933.4,42.8,1.25e-05,20.1,4.09,3.31,0,2512.6
"Cu (31.2%), Mg (68.8%)","3.98, 5.17, 5.23",Pnma,230.03,933.4,42.8,1.25e-05,20.1,4.09,3.31,0,2512.6
"Fe (85.0%), Cu (15.0%)","5.88, 5.81, 5.43",C2/c,230.03,933.4,42.8,1.25e-05,20.1,4.09,3.31,1,2512.6
Si (100.0%),"3.96, 4.94, 4.47",Fd-3m,230.03,933.4,42.8,1.25e-05,20.1,4.09,3.31,0,2512.6
"Mg (85.9%), Co (14.1%)","3.51, 5.71, 3.61",Pnma,230.03,933.4,42.8,1.25e-05,20.1,4.09,3.31,0,2512.6
"Si (3.7%), Ni (96.3%)","5.25, 4.85, 3.7",Fd-3m,230.03,933.4,42.8,1.25e-05,20.1,4.09,3.31,0,2512.6
Zn (100.0%),"4.21, 3.53, 4.7",C2/c,230.03,933.4,42.8,1.25e-05,20.1,4.09,3.31,0,2512.6
Zn (100.0%),"4.45, 4.05, 4.57",C2/c,230.03,933.4,42.8,1.25e-05,20.1,4.09,3.31,0,2512.6
Si (100.0%),"4.51, 4.85, 3.54",C2/c,230.03,933.4,42.8,1.25e-05,20.1,4.09,3.31,1,2512.6
"Fe (21.2%), Cu (78.8%)","5.23, 5.81, 5.28",P4/mmm,230.03,933.4,42.8,1.25e-05,20.1,4.09,3.31,1,2512.6
"Ti (50.2%), Mg (49.8%)","5.68, 3.66, 4.24",Fm-3m,230.03,933.4,42.8,1.25e-05,20.1,4.09,3.31,1,2512.6
"Si (10.4%), Zn (89.6%)","5.51, 4.15, 3.66",Fd-3m,230.03,933.4,42.8,1.25e-05,20.1,4.09,3.31,1,2512.6
"Co (57.2%), Ti (42.8%)","3.65, 5.16, 3.94",Fd-3m,230.03,933.4,42.8,1.25e-05,20.1,4.09,3.31,1,2512.6
Al (100.0%),"5.65, 4.35, 3.73",Fm-3m,230.03,933.4,42.8,1.25e-05,20.1,4.09,3.31,1,2512.6
Zn (100.0%),"3.74, 5.6, 5.5",C2/c,230.03,933.4,42.8,1.25e-05,20.1,4.09,3.31,1,2512.6
"Zn (63.6%), Ni (36.4%)","4.21, 4.65, 5.09",Fd-3m,230.03,933.4,42.8,1.25e-05,20.1,4.09,3.31,0,2512.6
"Al (30.1%), Zn (69.9%)","5.22, 4.15, 5.59",Fd-3m,230.03,933.4,42.8,1.25e-05,20.1,4.09,3.31,0,2512.6
Ni (100.0%),"4.31, 4.42, 5.36",Fd-3m,230.03,933.4,42.8,1.25e-05,20.1,4.09,3.31,1,2512.6
"Zn (50.7%), Al (49.3%)","4.9, 4.38, 4.31",Fm-3m,230.03,933.4,42.8,1.25e-05,20.1,4.09,3.31,0,2512.6
"Fe (14.1%), Cu (85.9%)","3.9, 3.98, 4.11",Fd-3m,230.03,933.4,42.8,1.25e-05,20.1,4.09,3.31,1,2512.6
"Al (56.9%), Zn (43.1%)","5.9, 5.61, 3.71",Pnma,230.03,933.4,42.8,1.25e-05,20.1,4.09,3.31,0,2512.6
Mg (100.0%),"3.57, 5.07, 4.84",Pnma,230.03,933.4,42.8,1.25e-05,20.1,4.09,3.31,0,2512.6
Si (100.0%),"4.95, 3.93, 5.48",P4/mmm,230.03,933.4,42.8,1.25e-05,20.1,4.09,3.31,1,2512.6
"Zn (9.2%), Co (90.8%)","3.86, 5.96, 3.61",Fm-3m,230.03,933.4,42.8,1.25e-05,20.1,4.09,3.31,0,2512.6
"Cu (23.1%), Co (76.9%)","5.08, 4.75, 4.77",C2/c,230.03,933.4,42.8,1.25e-05,20.1,4.09,3.31,1,2512.6
Fe (100.0%),"5.79, 3.8, 3.75",Fm-3m,230.03,933.4,42.8,1.25e-05,20.1,4.09,3.31,1,2512.6
Ni (100.0%),"5.37, 5.4, 5.84",Fd-3m,230.03,933.4,42.8,1.25e-05,20.1,4.09,3.31,0,2512.6
Ti (100.0%),"4.73, 4.99, 3.74",Fd-3m,230.03,933.4,42.8,1.25e-05,20.1,4.09,3.31,1,2512.6
"Si (88.3%), Mg (11.7%)","4.35, 4.29, 3.98",Fm-3m,230.03,933.4,42.8,1.25e-05,20.1,4.09,3.31,0,2512.6
Ti (100.0%),"4.59, 5.07, 5.66",Fm-3m,230.03,933.4,42.8,1.25e-05,20.1,4.09,3.31,0,2512.6
"Al (38.1%), Zn (61.9%)","4.47, 4.65, 4.46",C2/c,230.03,933.4,42.8,1.25e-05,20.1,4.09,3.31,1,2512.6
Co (100.0%),"4.96, 3.81, 4.89",P4/mmm,230.03,933.4,42.8,1.25e-05,20.1,4.09,3.31,1,2512.6
"Fe (8.9%), Co (91.1%)","5.5, 5.68, 5.94",Fm-3m,230.03,933.4,42.8,1.25e-05,20.1,4.09,3.31,1,2512.6
Cu (100.0%),"4.04, 4.93, 5.66",Pnma,230.03,933.4,42.8,1.25e-05,20.1,4.09,3.31,0,2512.6
"Al (47.3%), Zn (52.7%)","3.89, 3.79, 4.44",Fd-3m,230.03,933.4,42.8,1.25e-05,20.1,4.09,3.31,0,2512.6
Co (100.0%),"5.32, 4.95, 4.67",Fd-3m,230.03,933.4,42.8,1.25e-05,20.1,4.09,3.31,0,2512.6
"Fe (10.2%), Si (89.8%)","4.4, 5.16, 4.63",P4/mmm,230.03,933.4,42.8,1.25e-05,20.1,4.09,3.31,1,2512.6
"Ti (65.3%), Si (34.7%)","3.65, 4.7, 3.97",Pnma,230.03,933.4,42.8,1.25e-05,20.1,4.09,3.31,0,2512.6
"Si (42.7%), Ti (57.3%)","4.34, 3.74, 4.81",Pnma,230.03,933.4,42.8,1.25e-05,20.1,4.09,3.31,0,2512.6
Ti (100.0%),"4.75, 4.27, 4.22",Fm-3m,230.03,933.4,42.8,1.25e-05,20.1,4.09,3.31,1,2512.6
"Mg (99.0%), Fe (1.0%)","4.18, 5.31, 5.12",P4/mmm,230.03,933.4,42.8,1.25e-05,20.1,4.09,3.31,1,2512.6
"Co (55.9%), Ni (44.1%)","5.03, 5.44, 5.11",Fd-3m,230.03,933.4,42.8,1.25e-05,20.1,4.09,3.31,0,2512.6
"Ni (74.7%), Ti (25.3%)","3.94, 4.99, 4.02",P4/mmm,230.03,933.4,42.8,1.25e-05,20.1,4.09,3.31,1,2512.6
"Ti (56.3%), Al (43.7%)","5.12, 3.53, 4.31",Fm-3m,230.03,933.4,42.8,1.25e-05,20.1,4.09,3.31,0,2512.6
Cu (100.0%),"4.67, 4.95, 5.05",Fd-3m,230.03,933.4,42.8,1.25e-05,20.1,4.09,3.31,0,2512.6
"Ni (32.0%), Mg (68.0%)","5.76, 5.2, 3.93",Pnma,230.03,933.4,42.8,1.25e-05,20.1,4.09,3.31,1,2512.6
Co (100.0%),"4.49, 5.99, 5.39",Fm-3m,230.03,933.4,42.8,1.25e-05,20.1,4.09,3.31,0,2512.6
"Fe (70.6%), Ni (29.4%)","4.51, 4.87, 5.8",P4/mmm,230.03,933.4,42.8,1.25e-05,20.1,4.09,3.31,1,2512.6
"Si (98.0%), Co (2.0%)","3.73, 3.94, 4.02",C2/c,230.03,933.4,42.8,1.25e-05,20.1,4.09,3.31,0,2512.6
"Co (79.7%), Mg (20.3%)","4.71, 5.73, 5.08",Fd-3m,230.03,933.4,42.8,1.25e-05,20.1,4.09,3.31,1,2512.6
Ti (100.0%),"5.09, 5.78, 4.28",Fm-3m,230.03,933.4,42.8,1.25e-05,20.1,4.09,3.31,0,2512.6
Si (100.0%),"4.07, 4.9, 4.49",Fm-3m,230.03,933.4,42.8,1.25e-05,20.1,4.09,3.31,0,2512.6
"Zn (87.5%), Co (12.5%)","4.73, 5.78, 5.33",P4/mmm,230.03,933.4,42.8,1.25e-05,20.1,4.09,3.31,0,2512.6
Zn (100.0%),"4.32, 4.81, 5.53",Pnma,230.03,933.4,42.8,1.25e-05,20.1,4.09,3.31,1,2512.6
Fe (100.0%),"3.85, 4.13, 5.76",Fd-3m,230.03,933.4,42.8,1.25e-05,20.1,4.09,3.31,1,2512.6
Al (100.0%),"5.01, 5.68, 3.89",Fd-3m,230.03,933.4,42.8,1.25e-05,20.1,4.09,3.31,0,2512.6
Co (100.0%),"4.9, 5.23, 5.54",Fd-3m,230.03,933.4,42.8,1.25e-05,20.1,4.09,3.31,1,2512.6
"Ti (44.1%), Al (55.9%)","3.54, 5.34, 3.66",Fd-3m,230.03,933.4,42.8,1.25e-05,20.1,4.09,3.31,1,2512.6
"Cu (94.4%), Ni (5.6%)","3.8, 5.8, 4.92",Fm-3m,230.03,933.4,42.8,1.25e-05,20.1,4.09,3.31,1,2512.6
Mg (100.0%),"4.33, 4.38, 5.9",C2/c,230.03,933.4,42.8,1.25e-05,20.1,4.09,3.31,1,2512.6
"Al (88.0%), Mg (12.0%)","5.06, 5.22, 4.61",C2/c,230.03,933.4,42.8,1.25e-05,20.1,4.09,3.31,0,2512.6
"Ni (7.5%), Zn (92.5%)","3.55, 5.24, 5.66",P4/mmm,230.03,933.4,42.8,1.25e-05,20.1,4.09,3.31,1,2512.6
Mg (100.0%),"4.58, 4.57, 4.68",Pnma,230.03,933.4,42.8,1.25e-05,20.1,4.09,3.31,0,2512.6
"Zn (92.4%), Ti (7.6%)","5.89, 5.13, 5.42",Fm-3m,230.03,933.4,42.8,1.25e-05,20.1,4.09,3.31,0,2512.6
Si (100.0%),"4.07, 5.4, 4.18",Fd-3m,230.03,933.4,42.8,1.25e-05,20.1,4.09,3.31,0,2512.6
Ti (100.0%),"5.35, 5.76, 5.47",Fd-3m,230.03,933.4,42.8,1.25e-05,20.1,4.09,3.31,0,2512.6
Fe (100.0%),"5.66, 3.69, 5.26",Fm-3m,230.03,933.4,42.8,1.25e-05,20.1,4.09,3.31,1,2512.6
"Mg (86.8%), Al (13.2%)","5.26, 5.14, 4.0",Pnma,230.03,933.4,42.8,1.25e-05,20.1,4.09,3.31,0,2512.6
"Ti (29.5%), Fe (70.5%)","5.72, 3.9, 5.72",Pnma,230.03,933.4,42.8,1.25e-05,20.1,4.09,3.31,1,2512.6
Si (100.0%),"4.43, 5.71, 5.97",C2/c,230.03,933.4,42.8,1.25e-05,20.1,4.09,3.31,1,2512.6
"Mg (57.8%), Zn (42.2%)","4.61, 4.52, 5.72",Pnma,230.03,933.4,42.8,1.25e-05,20.1,4.09,3.31,1,2512.6
Fe (100.0%),"4.81, 5.0, 5.16",Pnma,230.03,933.4,42.8,1.25e-05,20.1,4.09,3.31,1,2512.6
Ti (100.0%),"4.91, 4.63, 4.36",Pnma,230.03,933.4,42.8,1.25e-05,20.1,4.09,3.31,0,2512.6
Si (100.0%),"3.75, 5.35, 5.55",P4/mmm,230.03,933.4,42.8,1.25e-05,20.1,4.09,3.31,0,2512.6
Ti (100.0%),"4.26, 5.47, 3.9",Fd-3m,230.03,933.4,42.8,1.25e-05,20.1,4.09,3.31,0,2512.6
"Ti (98.0%), Cu (2.0%)","4.2, 4.92, 5.14",Fd-3m,230.03,933.4,42.8,1.25e-05,20.1,4.09,3.31,0,2512.6
"Ni (84.8%), Mg (15.2%)","4.95, 5.97, 3.91",C2/c,230.03,933.4,42.8,1.25e-05,20.1,4.09,3.31,0,2512.6
Cu (100.0%),"5.54, 3.98, 5.38",Fd-3m,230.03,933.4,42.8,1.25e-05,20.1,4.09,3.31,1,2512.6
Zn (100.0%),"4.51, 4.62, 4.91",Fm-3m,230.03,933.4,42.8,1.25e-05,20.1,4.09,3.31,0,2512.6
"Mg (65.2%), Ni (34.8%)","5.56, 3.58, 5.31",Fd-3m,230.03,933.4,42.8,1.25e-05,20.1,4.09,3.31,0,2512.6
"Al (38.9%), Co (61.1%)","5.75, 5.3, 4.82",Pnma,230.03,933.4,42.8,1.25e-05,20.1,4.09,3.31,0,2512.6
"Al (89.2%), Zn (10.8%)","4.56, 4.03, 3.99",C2/c,230.03,933.4,42.8,1.25e-05,20.1,4.09,3.31,0,2512.6
"Al (14.1%), Zn (85.9%)","5.46, 5.59, 3.62",Pnma,230.03,933.4,42.8,1.25e-05,20.1,4.09,3.31,0,2512.6
Si (100.0%),"5.83, 5.86, 3.72",P4/mmm,230.03,933.4,42.8,1.25e-05,20.1,4.09,3.31,0,2512.6
Ti (100.0%),"4.29, 4.23, 4.54",Fm-3m,230.03,933.4,42.8,1.25e-05,20.1,4.09,3.31,1,2512.6
Ni (100.0%),"4.65, 5.72, 5.43",C2/c,230.03,933.4,42.8,1.25e-05,20.1,4.09,3.31,0,2512.6
"Mg (16.1%), Cu (83.9%)","3.62, 4.06, 4.65",Pnma,230.03,933.4,42.8,1.25e-05,20.1,4.09,3.31,1,2512.6
Cu (100.0%),"4.98, 4.18, 5.9",Fd-3m,230.03,933.4,42.8,1.25e-05,20.1,4.09,3.31,0,2512.6
Ti (100.0%),"5.33, 4.44, 4.4",Pnma,230.03,933.4,42.8,1.25e-05,20.1,4.09,3.31,0,2512.6
Al (100.0%),"5.14, 3.86, 3.85",C2/c,230.03,933.4,42.8,1.25e-05,20.1,4.09,3.31,1,2512.6
"Cu (45.8%), Fe (54.2%)","5.95, 5.06, 4.17",C2/c,230.03,933.4,42.8,1.25e-05,20.1,4.09,3.31,0,2512.6
Ti (100.0%),"4.85, 4.83, 4.41",C2/c,230.03,933.4,42.8,1.25e-05,20.1,4.09,3.31,0,2512.6
Si (100.0%),"3.66, 4.63, 4.15",Fm-3m,230.03,933.4,42.8,1.25e-05,20.1,4.09,3.31,1,2512.6
Co (100.0%),"5.67, 5.02, 4.03",Fm-3m,230.03,933.4,42.8,1.25e-05,20.1,4.09,3.31,1,2512.6
Al (100.0%),"4.79, 4.09, 3.86",P4/mmm,230.03,933.4,42.8,1.25e-05,20.1,4.09,3.31,0,2512.6
Zn (100.0%),"4.28, 4.21, 4.4",Fd-3m,230.03,933.4,42.8,1.25e-05,20.1,4.09,3.31,1,2512.6
Mg (100.0%),"3.67, 3.57, 5.21",Pnma,230.03,933.4,42.8,1.25e-05,20.1,4.09,3.31,0,2512.6
"Al (93.2%), Co (6.8%)","5.02, 3.74, 5.56",C2/c,230.03,933.4,42.8,1.25e-05,20.1,4.09,3.31,1,2512.6
"Co (28.3%), Ni (71.7%)","3.57, 5.7, 4.27",Fm-3m,230.03,933.4,42.8,1.25e-05,20.1,4.09,3.31,1,2512.6
"Al (79.0%), Cu (21.0%)","4.67, 4.35, 4.42",Pnma,230.03,933.4,42.8,1.25e-05,20.1,4.09,3.31,1,2512.6
"Ti (83.5%), Mg (16.5%)","5.88, 4.2, 4.77",Fm-3m,230.03,933.4,42.8,1.25e-05,20.1,4.09,3.31,1,2512.6
"Fe (56.1%), Mg (43.9%)","5.99, 5.02, 5.91",Fd-3m,230.03,933.4,42.8,1.25e-05,20.1,4.09,3.31,0,2512.6
"Fe (91.5%), Ni (8.5%)","4.17, 5.0, 5.61",Fd-3m,230.03,933.4,42.8,1.25e-05,20.1,4.09,3.31,0,2512.6
"Co (59.1%), Ni (40.9%)","4.52, 4.92, 5.32",Pnma,230.03,933.4,42.8,1.25e-05,20.1,4.09,3.31,0,2512.6
Ni (100.0%),"4.76, 4.42, 5.96",P4/mmm,230.03,933.4,42.8,1.25e-05,20.1,4.09,3.31,0,2512.6
Mg (100.0%),"4.16, 5.84, 5.44",Fm-3m,230.03,933.4,42.8,1.25e-05,20.1,4.09,3.31,0,2512.6
"Al (14.3%), Mg (85.7%)","5.33, 5.37, 4.08",P4/mmm,230.03,933.4,42.8,1.25e-05,20.1,4.09,3.31,0,2512.6
Fe (100.0%),"5.75, 5.91, 3.85",Pnma,230.03,933.4,42.8,1.25e-05,20.1,4.09,3.31,0,2512.6
"Mg (98.3%), Co (1.7%)","3.97, 5.58, 5.08",Fm-3m,230.03,933.4,42.8,1.25e-05,20.1,4.09,3.31,1,2512.6
"Ni (14.0%), Ti (86.0%)","5.09, 5.74, 4.56",P4/mmm,230.03,933.4,42.8,1.25e-05,20.1,4.09,3.31,0,2512.6
Mg (100.0%),"5.57, 5.38, 5.55",C2/c,230.03,933.4,42.8,1.25e-05,20.1,4.09,3.31,0,2512.6
"Cu (99.4%), Zn (0.6%)","4.01, 4.42, 5.65",Pnma,230.03,933.4,42.8,1.25e-05,20.1,4.09,3.31,0,2512.6
Cu (100.0%),"5.97, 5.38, 4.16",Fm-3m,230.03,933.4,42.8,1.25e-05,20.1,4.09,3.31,0,2512.6
"Co (61.7%), Mg (38.3%)","5.92, 4.53, 5.05",P4/mmm,230.03,933.4,42.8,1.25e-05,20.1,4.09,3.31,1,2512.6
"Zn (78.0%), Co (22.0%)","4.1, 5.77, 5.47",P4/mmm,230.03,933.4,42.8,1.25e-05,20.1,4.09,3.31,1,2512.6
"Zn (14.7%), Cu (85.3%)","5.6, 3.86, 4.72",Fd-3m,230.03,933.4,42.8,1.25e-05,20.1,4.09,3.31,0,2512.6
"Ti (51.7%), Mg (48.3%)","5.63, 4.75, 3.9",C2/c,230.03,933.4,42.8,1.25e-05,20.1,4.09,3.31,0,2512.6
"Fe (81.5%), Si (18.5%)","3.64, 5.63, 5.98",C2/c,230.03,933.4,42.8,1.25e-05,20.1,4.09,3.31,1,2512.6
Fe (100.0%),"4.37, 4.26, 3.98",C2/c,230.03,933.4,42.8,1.25e-05,20.1,4.09,3.31,1,2512.6
Al (100.0%),"3.77, 4.8, 5.74",Fd-3m,230.03,933.4,42.8,1.25e-05,20.1,4.09,3.31,1,2512.6
Co (100.0%),"4.82, 4.69, 5.97",C2/c,230.03,933.4,42.8,1.25e-05,20.1,4.09,3.31,1,2512.6
Ti (100.0%),"5.14, 4.4, 4.05",P4/mmm,230.03,933.4,42.8,1.25e-05,20.1,4.09,3.31,1,2512.6
Fe (100.0%),"4.92, 5.22, 5.88",Pnma,230.03,933.4,42.8,1.25e-05,20.1,4.09,3.31,1,2512.6
Al (100.0%),"5.64, 5.86, 3.92",Fd-3m,230.03,933.4,42.8,1.25e-05,20.1,4.09,3.31,0,2512.6
"Zn (93.8%), Ti (6.2%)","5.72, 4.33, 4.8",Pnma,230.03,933.4,42.8,1.25e-05,20.1,4.09,3.31,1,2512.6
Zn (100.0%),"3.56, 5.58, 3.81",Fm-3m,230.03,933.4,42.8,1.25e-05,20.1,4.09,3.31,0,2512.6
"Ni (20.5%), Fe (79.5%)","5.93, 5.54, 4.9",C2/c,230.03,933.4,42.8,1.25e-05,20.1,4.09,3.31,1,2512.6
Fe (100.0%),"3.85, 5.26, 5.34",P4/mmm,230.03,933.4,42.8,1.25e-05,20.1,4.09,3.31,1,2512.6
"Co (54.2%), Al (45.8%)","4.34, 3.94, 5.51",P4/mmm,230.03,933.4,42.8,1.25e-05,20.1,4.09,3.31,0,2512.6
Si (100.0%),"4.36, 5.43, 4.37",C2/c,230.03,933.4,42.8,1.25e-05,20.1,4.09,3.31,0,2512.6
"Fe (89.8%), Mg (10.2%)","5.42, 5.33, 3.91",Pnma,230.03,933.4,42.8,1.25e-05,20.1,4.09,3.31,0,2512.6
Al (100.0%),"3.81, 5.0, 5.82",Fd-3m,230.03,933.4,42.8,1.25e-05,20.1,4.09,3.31,0,2512.6
"Fe (63.7%), Mg (36.3%)","5.08, 5.12, 5.21",Pnma,230.03,933.4,42.8,1.25e-05,20.1,4.09,3.31,1,2512.6
Fe (100.0%),"3.63, 3.61, 4.85",Fm-3m,230.03,933.4,42.8,1.25e-05,20.1,4.09,3.31,0,2512.6
Co (100.0%),"4.57, 5.24, 5.91",C2/c,230.03,933.4,42.8,1.25e-05,20.1,4.09,3.31,0,2512.6
Ti (100.0%),"5.88, 3.53, 5.94",P4/mmm,230.03,933.4,42.8,1.25e-05,20.1,4.09,3.31,1,2512.6
"Al (15.8%), Ti (84.2%)","4.23, 4.8, 5.0",Fm-3m,230.03,933.4,42.8,1.25e-05,20.1,4.09,3.31,0,2512.6
"Ni (23.2%), Co (76.8%)","5.32, 5.81, 3.98",Fd-3m,230.03,933.4,42.8,1.25e-05,20.1,4.09,3.31,0,2512.6
"Zn (26.4%), Cu (73.6%)","3.85, 4.95, 5.77",Fm-3m,230.03,933.4,42.8,1.25e-05,20.1,4.09,3.31,1,2512.6
Si (100.0%),"4.93, 5.11, 5.65",P4/mmm,230.03,933.4,42.8,1.25e-05,20.1,4.09,3.31,0,2512.6
"Zn (54.3%), Fe (45.7%)","4.82, 4.0, 4.21",Pnma,230.03,933.4,42.8,1.25e-05,20.1,4.09,3.31,0,2512.6
"Si (31.4%), Mg (68.6%)","4.88, 5.41, 4.38",P4/mmm,230.03,933.4,42.8,1.25e-05,20.1,4.09,3.31,0,2512.6
Zn (100.0%),"5.67, 5.17, 5.62",C2/c,230.03,933.4,42.8,1.25e-05,20.1,4.09,3.31,0,2512.6
"Si (8.5%), Ti (91.5%)","4.28, 5.99, 5.77",C2/c,230.03,933.4,42.8,1.25e-05,20.1,4.09,3.31,1,2512.6
Co (100.0%),"4.01, 5.31, 5.21",P4/mmm,230.03,933.4,42.8,1.25e-05,20.1,4.09,3.31,0,2512.6
Al (100.0%),"3.59, 4.37, 3.7",P4/mmm,230.03,933.4,42.8,1.25e-05,20.1,4.09,3.31,0,2512.6
Zn (100.0%),"3.53, 5.71, 5.96",Pnma,230.03,933.4,42.8,1.25e-05,20.1,4.09,3.31,1,2512.6
Zn (100.0%),"5.77, 3.59, 5.79",C2/c,230.03,933.4,42.8,1.25e-05,20.1,4.09,3.31,1,2512.6
Al (100.0%),"3.51, 3.86, 5.29",P4/mmm,230.03,933.4,42.8,1.25e-05,20.1,4.09,3.31,0,2512.6
"Zn (15.6%), Ti (84.4%)","4.45, 5.35, 5.51",Fm-3m,230.03,933.4,42.8,1.25e-05,20.1,4.09,3.31,1,2512.6
"Zn (33.4%), Fe (66.6%)","4.54, 4.71, 4.78",Pnma,230.03,933.4,42.8,1.25e-05,20.1,4.09,3.31,0,2512.6
Cu (100.0%),"3.83, 4.9, 4.56",Pnma,230.03,933.4,42.8,1.25e-05,20.1,4.09,3.31,0,2512.6
Al (100.0%),"5.63, 4.75, 5.56",C2/c,230.03,933.4,42.8,1.25e-05,20.1,4.09,3.31,0,2512.6
"Ti (47.6%), Co (52.4%)","5.45, 5.87, 5.7",Pnma,230.03,933.4,42.8,1.25e-05,20.1,4.09,3.31,1,2512.6
Al (100.0%),"5.3, 4.66, 5.05",C2/c,230.03,933.4,42.8,1.25e-05,20.1,4.09,3.31,1,2512.6
Ni (100.0%),"3.8, 5.94, 5.54",P4/mmm,230.03,933.4,42.8,1.25e-05,20.1,4.09,3.31,1,2512.6
Ti (100.0%),"5.47, 4.25, 4.21",Fd-3m,230.03,933.4,42.8,1.25e-05,20.1,4.09,3.31,0,2512.6
"Co (10.8%), Ni (89.2%)","4.49, 4.11, 3.51",Fm-3m,230.03,933.4,42.8,1.25e-05,20.1,4.09,3.31,0,2512.6
Ni (100.0%),"4.57, 4.14, 5.43",C2/c,230.03,933.4,42.8,1.25e-05,20.1,4.09,3.31,1,2512.6
"Fe (60.3%), Si (39.7%)","4.52, 5.43, 5.32",Fd-3m,230.03,933.4,42.8,1.25e-05,20.1,4.09,3.31,1,2512.6
"Cu (25.4%), Fe (74.6%)","5.07, 4.53, 4.45",P4/mmm,230.03,933.4,42.8,1.25e-05,20.1,4.09,3.31,1,2512.6
Si (100.0%),"4.23, 5.87, 5.38",Fm-3m,230.03,933.4,42.8,1.25e-05,20.1,4.09,3.31,1,2512.6
Co (100.0%),"3.77, 5.27, 5.57",C2/c,230.03,933.4,42.8,1.25e-05,20.1,4.09,3.31,0,2512.6
Ni (100.0%),"5.25, 5.58, 3.68",Fm-3m,230.03,933.4,42.8,1.25e-05,20.1,4.09,3.31,1,2512.6
Cu (100.0%),"4.32, 5.35, 3.85",Fd-3m,230.03,933.4,42.8,1.25e-05,20.1,4.09,3.31,0,2512.6
"Ti (62.8%), Ni (37.2%)","4.69, 5.07, 5.98",Fd-3m,230.03,933.4,42.8,1.25e-05,20.1,4.09,3.31,1,2512.6
Al (100.0%),"4.06, 3.65, 5.08",C2/c,230.03,933.4,42.8,1.25e-05,20.1,4.09,3.31,0,2512.6
Si (100.0%),"3.6, 4.99, 4.1",Fd-3m,230.03,933.4,42.8,1.25e-05,20.1,4.09,3.31,0,2512.6
"Zn (20.4%), Cu (79.6%)","5.64, 5.75, 5.62",Fm-3m,230.03,933.4,42.8,1.25e-05,20.1,4.09,3.31,0,2512.6
Ti (100.0%),"4.29, 4.61, 5.31",P4/mmm,230.03,933.4,42.8,1.25e-05,20.1,4.09,3.31,0,2512.6
Al (100.0%),"4.58, 4.93, 4.08",P4/mmm,230.03,933.4,42.8,1.25e-05,20.1,4.09,3.31,1,2512.6
Mg (100.0%),"4.07, 5.79, 5.12",Pnma,230.03,933.4,42.8,1.25e-05,20.1,4.09,3.31,0,2512.6
Cu (100.0%),"5.67, 4.31, 4.14",P4/mmm,230.03,933.4,42.8,1.25e-05,20.1,4.09,3.31,0,2512.6
Fe (100.0%),"4.01, 4.37, 5.6",Fm-3m,230.03,933.4,42.8,1.25e-05,20.1,4.09,3.31,0,2512.6
"Mg (92.4%), Cu (7.6%)","4.93, 3.96, 5.45",P4/mmm,230.03,933.4,42.8,1.25e-05,20.1,4.09,3.31,0,2512.6
"Co (34.2%), Ti (65.8%)","3.67, 5.96, 3.51",Fm-3m,230.03,933.4,42.8,1.25e-05,20.1,4.09,3.31,1,2512.6
Al (100.0%),"4.6, 4.78, 5.11",C2/c,230.03,933.4,42.8,1.25e-05,20.1,4.09,3.31,0,2512.6
"Si (20.4%), Al (79.6%)","5.44, 4.35, 3.59",Fd-3m,230.03,933.4,42.8,1.25e-05,20.1,4.09,3.31,0,2512.6
Ti (100.0%),"3.63, 5.48, 4.73",Pnma,230.03,933.4,42.8,1.25e-05,20.1,4.09,3.31,0,2512.6
"Si (80.6%), Ti (19.4%)","4.48, 5.02, 4.13",Pnma,230.03,933.4,42.8,1.25e-05,20.1,4.09,3.31,0,2512.6
Mg (100.0%),"4.25, 3.68, 5.5",C2/c,230.03,933.4,42.8,1.25e-05,20.1,4.09,3.31,1,2512.6
Cu (100.0%),"3.7, 5.13, 5.31",Fm-3m,230.03,933.4,42.8,1.25e-05,20.1,4.09,3.31,1,2512.6
Zn (100.0%),"3.64, 5.3, 5.06",Fm-3m,230.03,933.4,42.8,1.25e-05,20.1,4.09,3.31,0,2512.6
Ti (100.0%),"3.61, 4.25, 5.75",Fm-3m,230.03,933.4,42.8,1.25e-05,20.1,4.09,3.31,1,2512.6
Cu (100.0%),"5.7, 5.13, 4.61",C2/c,230.03,933.4,42.8,1.25e-05,20.1,4.09,3.31,0,2512.6
"Ni (7.3%), Zn (92.7%)","3.72, 4.71, 4.8",Fd-3m,230.03,933.4,42.8,1.25e-05,20.1,4.09,3.31,0,2512.6
"Co (21.5%), Cu (78.5%)","5.61, 5.36, 5.01",P4/mmm,230.03,933.4,42.8,1.25e-05,20.1,4.09,3.31,0,2512.6
Si (100.0%),"5.59, 3.54, 5.49",P4/mmm,230.03,933.4,42.8,1.25e-05,20.1,4.09,3.31,1,2512.6
"Si (24.1%), Ti (75.9%)","5.01, 4.14, 3.82",C2/c,230.03,933.4,42.8,1.25e-05,20.1,4.09,3.31,0,2512.6
Ti (100.0%),"4.03, 4.78, 4.05",P4/mmm,230.03,933.4,42.8,1.25e-05,20.1,4.09,3.31,1,2512.6
Mg (100.0%),"5.58, 5.47, 3.87",Fm-3m,230.03,933.4,42.8,1.25e-05,20.1,4.09,3.31,1,2512.6
Si (100.0%),"5.21, 3.55, 5.96",Pnma,230.03,933.4,42.8,1.25e-05,20.1,4.09,3.31,1,2512.6
"Si (53.2%), Fe (46.8%)","4.94, 4.61, 3.7",Fm-3m,230.03,933.4,42.8,1.25e-05,20.1,4.09,3.31,0,2512.6
"Ni (36.9%), Fe (63.1%)","3.96, 4.93, 4.29",Fm-3m,230.03,933.4,42.8,1.25e-05,20.1,4.09,3.31,0,2512.6
"Al (15.3%), Mg (84.7%)","4.91, 4.82, 4.31",P4/mmm,230.03,933.4,42.8,1.25e-05,20.1,4.09,3.31,1,2512.6
"Ni (63.1%), Fe (36.9%)","4.59, 5.66, 4.08",Fd-3m,230.03,933.4,42.8,1.25e-05,20.1,4.09,3.31,0,2512.6
Fe (100.0%),"4.73, 3.92, 5.97",Pnma,230.03,933.4,42.8,1.25e-05,20.1,4.09,3.31,0,2512.6
Cu (100.0%),"4.61, 5.77, 5.74",P4/mmm,230.03,933.4,42.8,1.25e-05,20.1,4.09,3.31,1,2512.6
"Zn (50.1%), Ti (49.9%)","4.3, 4.91, 3.74",C2/c,230.03,933.4,42.8,1.25e-05,20.1,4.09,3.31,0,2512.6
"Zn (91.7%), Cu (8.3%)","5.2, 4.83, 5.28",Fd-3m,230.03,933.4,42.8,1.25e-05,20.1,4.09,3.31,1,2512.6
"Cu (78.2%), Si (21.8%)","5.31, 4.41, 5.95",C2/c,230.03,933.4,42.8,1.25e-05,20.1,4.09,3.31,0,2512.6
"Ni (8.4%), Al (91.6%)","3.81, 4.31, 5.97",C2/c,230.03,933.4,42.8,1.25e-05,20.1,4.09,3.31,1,2512.6
"Al (58.1%), Fe (41.9%)","5.67, 5.16, 3.62",Fd-3m,230.03,933.4,42.8,1.25e-05,20.1,4.09,3.31,0,2512.6
Si (100.0%),"5.08, 3.63, 5.86",C2/c,230.03,933.4,42.8,1.25e-05,20.1,4.09,3.31,1,2512.6
Si (100.0%),"5.41, 5.09, 4.88",P4/mmm,230.03,933.4,42.8,1.25e-05,20.1,4.09,3.31,1,2512.6
Ni (100.0%),"4.34, 3.6, 5.1",Pnma,230.03,933.4,42.8,1.25e-05,20.1,4.09,3.31,0,2512.6
Ni (100.0%),"4.98, 3.93, 3.92",Pnma,230.03,933.4,42.8,1.25e-05,20.1,4.09,3.31,1,2512.6
Ni (100.0%),"3.65, 4.19, 4.29",Pnma,230.03,933.4,42.8,1.25e-05,20.1,4.09,3.31,1,2512.6
Fe (100.0%),"4.6, 4.16, 3.64",Pnma,230.03,933.4,42.8,1.25e-05,20.1,4.09,3.31,0,2512.6
"Al (42.5%), Cu (57.5%)","4.94, 5.56, 4.63",C2/c,230.03,933.4,42.8,1.25e-05,20.1,4.09,3.31,1,2512.6
"Ti (24.4%), Si (75.6%)","5.81, 5.57, 5.37",C2/c,230.03,933.4,42.8,1.25e-05,20.1,4.09,3.31,1,2512.6
Ti (100.0%),"4.64, 4.46, 4.41",Fd-3m,230.03,933.4,42.8,1.25e-05,20.1,4.09,3.31,1,2512.6
"Zn (80.5%), Co (19.5%)","5.58, 5.62, 4.34",C2/c,230.03,933.4,42.8,1.25e-05,20.1,4.09,3.31,0,2512.6
"Si (6.7%), Zn (93.3%)","4.9, 3.91, 4.76",P4/mmm,230.03,933.4,42.8,1.25e-05,20.1,4.09,3.31,0,2512.6
"Ni (94.9%), Cu (5.1%)","5.79, 5.62, 5.45",Pnma,230.03,933.4,42.8,1.25e-05,20.1,4.09,3.31,1,2512.6
"Zn (80.2%), Si (19.8%)","5.61, 4.73, 3.96",C2/c,230.03,933.4,42.8,1.25e-05,20.1,4.09,3.31,0,2512.6
"Al (93.9%), Si (6.1%)","3.86, 4.89, 4.68",C2/c,230.03,933.4,42.8,1.25e-05,20.1,4.09,3.31,1,2512.6
Al (100.0%),"5.25, 5.59, 5.29",Fd-3m,230.03,933.4,42.8,1.25e-05,20.1,4.09,3.31,0,2512.6
"Cu (73.9%), Ni (26.1%)","5.61, 4.48, 3.53",Fd-3m,230.03,933.4,42.8,1.25e-05,20.1,4.09,3.31,0,2512.6
Zn (100.0%),"4.43, 4.9, 4.55",C2/c,230.03,933.4,42.8,1.25e-05,20.1,4.09,3.31,1,2512.6
"Si (68.5%), Ti (31.5%)","5.47, 5.23, 5.27",P4/mmm,230.03,933.4,42.8,1.25e-05,20.1,4.09,3.31,0,2512.6
"Co (99.5%), Ni (0.5%)","4.35, 4.57, 4.73",P4/mmm,230.03,933.4,42.8,1.25e-05,20.1,4.09,3.31,1,2512.6
"Mg (34.9%), Al (65.1%)","3.82, 3.67, 4.02",Pnma,230.03,933.4,42.8,1.25e-05,20.1,4.09,3.31,1,2512.6
Fe (100.0%),"4.38, 4.6, 3.9",Fm-3m,230.03,933.4,42.8,1.25e-05,20.1,4.09,3.31,0,2512.6
Zn (100.0%),"4.33, 3.54, 4.25",Fm-3m,230.03,933.4,42.8,1.25e-05,20.1,4.09,3.31,0,2512.6
Al (100.0%),"4.75, 3.62, 3.75",Fd-3m,230.03,933.4,42.8,1.25e-05,20.1,4.09,3.31,0,2512.6
"Zn (93.9%), Mg (6.1%)","3.58, 4.22, 3.51",Fm-3m,230.03,933.4,42.8,1.25e-05,20.1,4.09,3.31,1,2512.6
"Cu (52.0%), Mg (48.0%)","3.82, 5.55, 5.64",Fd-3m,230.03,933.4,42.8,1.25e-05,20.1,4.09,3.31,0,2512.6
Mg (100.0%),"4.9, 5.42, 3.6",P4/mmm,230.03,933.4,42.8,1.25e-05,20.1,4.09,3.31,1,2512.6
Ni (100.0%),"5.06, 3.62, 4.0",C2/c,230.03,933.4,42.8,1.25e-05,20.1,4.09,3.31,0,2512.6
Mg (100.0%),"4.37, 4.87, 5.17",Fm-3m,230.03,933.4,42.8,1.25e-05,20.1,4.09,3.31,0,2512.6
"Al (48.0%), Ti (52.0%)","3.99, 4.59, 4.66",P4/mmm,230.03,933.4,42.8,1.25e-05,20.1,4.09,3.31,1,2512.6
"Al (51.9%), Ni (48.1%)","5.71, 4.64, 3.51",Pnma,230.03,933.4,42.8,1.25e-05,20.1,4.09,3.31,1,2512.6
"Cu (27.1%), Ti (72.9%)","5.77, 5.33, 3.99",P4/mmm,230.03,933.4,42.8,1.25e-05,20.1,4.09,3.31,0,2512.6
Mg (100.0%),"5.99, 4.1, 4.63",P4/mmm,230.03,933.4,42.8,1.25e-05,20.1,4.09,3.31,1,2512.6
"Si (90.2%), Zn (9.8%)","5.6, 4.96, 3.54",Fd-3m,230.03,933.4,42.8,1.25e-05,20.1,4.09,3.31,1,2512.6
"Co (81.7%), Fe (18.3%)","5.19, 3.88, 4.41",P4/mmm,230.03,933.4,42.8,1.25e-05,20.1,4.09,3.31,1,2512.6
Al (100.0%),"3.84, 5.52, 3.92",P4/mmm,230.03,933.4,42.8,1.25e-05,20.1,4.09,3.31,1,2512.6
Mg (100.0%),"5.42, 5.08, 4.98",P4/mmm,230.03,933.4,42.8,1.25e-05,20.1,4.09,3.31,1,2512.6
Al (100.0%),"3.72, 5.45, 5.61",C2/c,230.03,933.4,42.8,1.25e-05,20.1,4.09,3.31,1,2512.6
Ni (100.0%),"5.02, 5.52, 4.76",Fm-3m,230.03,933.4,42.8,1.25e-05,20.1,4.09,3.31,0,2512.6
Ni (100.0%),"5.55, 5.26, 5.4",P4/mmm,230.03,933.4,42.8,1.25e-05,20.1,4.09,3.31,0,2512.6
Zn (100.0%),"5.77, 5.31, 5.1",Pnma,230.03,933.4,42.8,1.25e-05,20.1,4.09,3.31,0,2512.6
"Cu (19.0%), Ni (81.0%)","5.45, 4.1, 4.9",Pnma,230.03,933.4,42.8,1.25e-05,20.1,4.09,3.31,1,2512.6
Al (100.0%),"5.42, 5.05, 4.17",C2/c,230.03,933.4,42.8,1.25e-05,20.1,4.09,3.31,0,2512.6
"Mg (89.3%), Al (10.7%)","4.7, 4.61, 4.88",Pnma,230.03,933.4,42.8,1.25e-05,20.1,4.09,3.31,0,2512.6
Co (100.0%),"5.96, 4.29, 5.31",Fm-3m,230.03,933.4,42.8,1.25e-05,20.1,4.09,3.31,1,2512.6
"Cu (30.6%), Fe (69.4%)","4.37, 5.52, 5.47",Fm-3m,230.03,933.4,42.8,1.25e-05,20.1,4.09,3.31,0,2512.6
"Al (37.4%), Cu (62.6%)","4.09, 3.55, 5.16",Fm-3m,230.03,933.4,42.8,1.25e-05,20.1,4.09,3.31,1,2512.6
"Ti (11.0%), Co (89.0%)","5.99, 4.68, 3.84",Pnma,230.03,933.4,42.8,1.25e-05,20.1,4.09,3.31,1,2512.6
"Ti (91.6%), Fe (8.4%)","5.67, 4.84, 4.97",Pnma,230.03,933.4,42.8,1.25e-05,20.1,4.09,3.31,0,2512.6
Co (100.0%),"5.28, 5.7, 3.75",Fd-3m,230.03,933.4,42.8,1.25e-05,20.1,4.09,3.31,0,2512.6
"Ni (78.4%), Ti (21.6%)","4.72, 4.57, 3.51",Fd-3m,230.03,933.4,42.8,1.25e-05,20.1,4.09,3.31,0,2512.6
"Zn (34.6%), Ni (65.4%)","3.59, 5.01, 4.57",P4/mmm,230.03,933.4,42.8,1.25e-05,20.1,4.09,3.31,0,2512.6
"Mg (89.0%), Cu (11.0%)","5.1, 5.67, 3.88",P4/mmm,230.03,933.4,42.8,1.25e-05,20.1,4.09,3.31,0,2512.6
Ti (100.0%),"3.74, 4.45, 3.76",Fd-3m,230.03,933.4,42.8,1.25e-05,20.1,4.09,3.31,0,2512.6
Ni (100.0%),"4.84, 4.39, 5.69",C2/c,230.03,933.4,42.8,1.25e-05,20.1,4.09,3.31,1,2512.6
"Si (88.4%), Cu (11.6%)","3.97, 4.88, 4.17",P4/mmm,230.03,933.4,42.8,1.25e-05,20.1,4.09,3.31,0,2512.6
"Al (25.1%), Mg (74.9%)","3.91, 4.89, 3.62",Fm-3m,230.03,933.4,42.8,1.25e-05,20.1,4.09,3.31,0,2512.6
Cu (100.0%),"3.67, 5.6, 4.15",C2/c,230.03,933.4,42.8,1.25e-05,20.1,4.09,3.31,0,2512.6
"Ti (15.1%), Ni (84.9%)","5.66, 5.73, 3.69",P4/mmm,230.03,933.4,42.8,1.25e-05,20.1,4.09,3.31,0,2512.6
Si (100.0%),"5.66, 3.72, 4.2",C2/c,230.03,933.4,42.8,1.25e-05,20.1,4.09,3.31,1,2512.6
Si (100.0%),"4.7, 3.82, 5.84",Fm-3m,230.03,933.4,42.8,1.25e-05,20.1,4.09,3.31,0,2512.6
Si (100.0%),"4.98, 4.64, 5.01",Fm-3m,230.03,933.4,42.8,1.25e-05,20.1,4.09,3.31,0,2512.6
Si (100.0%),"4.74, 4.15, 3.67",P4/mmm,230.03,933.4,42.8,1.25e-05,20.1,4.09,3.31,0,2512.6
"Mg (86.5%), Cu (13.5%)","4.97, 4.84, 4.03",Pnma,230.03,933.4,42.8,1.25e-05,20.1,4.09,3.31,1,2512.6
"Co (31.7%), Ti (68.3%)","5.22, 4.97, 3.62",C2/c,230.03,933.4,42.8,1.25e-05,20.1,4.09,3.31,0,2512.6
Zn (100.0%),"3.63, 4.94, 3.67",Pnma,230.03,933.4,42.8,1.25e-05,20.1,4.09,3.31,0,2512.6
Cu (100.0%),"3.69, 4.28, 4.35",C2/c,230.03,933.4,42.8,1.25e-05,20.1,4.09,3.31,0,2512.6
"Co (69.7%), Fe (30.3%)","4.28, 3.65, 5.95",C2/c,230.03,933.4,42.8,1.25e-05,20.1,4.09,3.31,1,2512.6
Mg (100.0%),"5.12, 5.58, 5.09",Fm-3m,230.03,933.4,42.8,1.25e-05,20.1,4.09,3.31,1,2512.6
"Ti (53.0%), Si (47.0%)","4.33, 3.6, 3.74",Fd-3m,230.03,933.4,42.8,1.25e-05,20.1,4.09,3.31,1,2512.6
Cu (100.0%),"4.49, 3.57, 4.25",C2/c,230.03,933.4,42.8,1.25e-05,20.1,4.09,3.31,0,2512.6
Co (100.0%),"4.93, 5.6, 5.16",Pnma,230.03,933.4,42.8,1.25e-05,20.1,4.09,3.31,0,2512.6
Al (100.0%),"3.86, 4.47, 5.51",Fm-3m,230.03,933.4,42.8,1.25e-05,20.1,4.09,3.31,0,2512.6
Co (100.0%),"5.43, 4.9, 4.36",P4/mmm,230.03,933.4,42.8,1.25e-05,20.1,4.09,3.31,0,2512.6
"Zn (28.8%), Cu (71.2%)","4.91, 4.71, 5.47",P4/mmm,230.03,933.4,42.8,1.25e-05,20.1,4.09,3.31,0,2512.6
Ti (100.0%),"3.89, 4.63, 5.62",Fm-3m,230.03,933.4,42.8,1.25e-05,20.1,4.09,3.31,0,2512.6
Ti (100.0%),"5.69, 4.25, 5.83",Pnma,230.03,933.4,42.8,1.25e-05,20.1,4.09,3.31,0,2512.6
Ti (100.0%),"4.43, 4.17, 3.93",Pnma,230.03,933.4,42.8,1.25e-05,20.1,4.09,3.31,0,2512.6
Ti (100.0%),"4.8, 4.34, 4.33",Fm-3m,230.03,933.4,42.8,1.25e-05,20.1,4.09,3.31,1,2512.6
"Co (14.0%), Al (86.0%)","4.17, 4.44, 5.18",Fd-3m,230.03,933.4,42.8,1.25e-05,20.1,4.09,3.31,1,2512.6
Fe (100.0%),"3.95, 5.27, 4.75",Fm-3m,230.03,933.4,42.8,1.25e-05,20.1,4.09,3.31,0,2512.6
Cu (100.0%),"4.46, 3.87, 3.58",Pnma,230.03,933.4,42.8,1.25e-05,20.1,4.09,3.31,0,2512.6
Fe (100.0%),"4.68, 4.88, 5.64",P4/mmm,230.03,933.4,42.8,1.25e-05,20.1,4.09,3.31,1,2512.6
"Al (64.1%), Zn (35.9%)","3.54, 4.44, 5.25",C2/c,230.03,933.4,42.8,1.25e-05,20.1,4.09,3.31,1,2512.6
Zn (100.0%),"4.24, 4.97, 3.87",P4/mmm,230.03,933.4,42.8,1.25e-05,20.1,4.09,3.31,1,2512.6
Ti (100.0%),"4.1, 5.3, 4.02",Fm-3m,230.03,933.4,42.8,1.25e-05,20.1,4.09,3.31,0,2512.6
Mg (100.0%),"4.58, 4.55, 4.73",Fm-3m,230.03,933.4,42.8,1.25e-05,20.1,4.09,3.31,0,2512.6
Fe (100.0%),"5.57, 4.26, 5.2",C2/c,230.03,933.4,42.8,1.25e-05,20.1,4.09,3.31,1,2512.6
"Ti (65.3%), Cu (34.7%)","4.96, 5.41, 5.67",P4/mmm,230.03,933.4,42.8,1.25e-05,20.1,4.09,3.31,0,2512.6
"Co (13.3%), Ni (86.7%)","5.25, 5.64, 5.42",Fm-3m,230.03,933.4,42.8,1.25e-05,20.1,4.09,3.31,1,2512.6
"Co (84.2%), Al (15.8%)","3.84, 3.62, 5.69",Fm-3m,230.03,933.4,42.8,1.25e-05,20.1,4.09,3.31,0,2512.6
"Fe (67.1%), Si (32.9%)","5.66, 3.65, 4.12",Fm-3m,230.03,933.4,42.8,1.25e-05,20.1,4.09,3.31,1,2512.6
"Ti (51.6%), Cu (48.4%)","5.92, 5.67, 3.67",C2/c,230.03,933.4,42.8,1.25e-05,20.1,4.09,3.31,0,2512.6
"Cu (97.9%), Al (2.1%)","5.65, 4.81, 4.17",Pnma,230.03,933.4,42.8,1.25e-05,20.1,4.09,3.31,1,2512.6
Cu (100.0%),"3.55, 5.25, 4.43",Pnma,230.03,933.4,42.8,1.25e-05,20.1,4.09,3.31,1,2512.6
"Ni (12.4%), Cu (87.6%)","3.77, 4.29, 5.26",C2/c,230.03,933.4,42.8,1.25e-05,20.1,4.09,3.31,1,2512.6
Si (100.0%),"5.3, 5.06, 5.97",C2/c,230.03,933.4,42.8,1.25e-05,20.1,4.09,3.31,0,2512.6
Ti (100.0%),"4.97, 3.89, 4.28",C2/c,230.03,933.4,42.8,1.25e-05,20.1,4.09,3.31,0,2512.6
Fe (100.0%),"5.42, 4.79, 4.34",P4/mmm,230.03,933.4,42.8,1.25e-05,20.1,4.09,3.31,1,2512.6
Ni (100.0%),"5.66, 3.67, 5.45",Fm-3m,230.03,933.4,42.8,1.25e-05,20.1,4.09,3.31,0,2512.6
Mg (100.0%),"3.74, 4.4, 4.88",Pnma,230.03,933.4,42.8,1.25e-05,20.1,4.09,3.31,0,2512.6
Ni (100.0%),"4.63, 4.14, 4.11",C2/c,230.03,933.4,42.8,1.25e-05,20.1,4.09,3.31,1,2512.6
Ni (100.0%),"3.7, 4.45, 5.12",Pnma,230.03,933.4,42.8,1.25e-05,20.1,4.09,3.31,0,2512.6
Fe (100.0%),"4.42, 4.42, 5.42",Fd-3m,230.03,933.4,42.8,1.25e-05,20.1,4.09,3.31,1,2512.6
"Si (14.1%), Al (85.9%)","5.17, 5.4, 4.69",C2/c,230.03,933.4,42.8,1.25e-05,20.1,4.09,3.31,1,2512.6
Mg (100.0%),"5.94, 4.68, 4.65",Pnma,230.03,933.4,42.8,1.25e-05,20.1,4.09,3.31,0,2512.6
Fe (100.0%),"4.44, 3.98, 5.26",P4/mmm,230.03,933.4,42.8,1.25e-05,20.1,4.09,3.31,0,2512.6
Al (100.0%),"4.04, 5.1, 4.03",P4/mmm,230.03,933.4,42.8,1.25e-05,20.1,4.09,3.31,1,2512.6
"Ti (11.9%), Zn (88.1%)","3.64, 5.38, 3.57",P4/mmm,230.03,933.4,42.8,1.25e-05,20.1,4.09,3.31,1,2512.6
Ni (100.0%),"5.58, 5.29, 4.67",Fm-3m,230.03,933.4,42.8,1.25e-05,20.1,4.09,3.31,1,2512.6
"Ti (66.1%), Si (33.9%)","5.1, 4.58, 3.6",Fd-3m,230.03,933.4,42.8,1.25e-05,20.1,4.09,3.31,0,2512.6
"Cu (68.1%), Al (31.9%)","4.2, 4.52, 5.18",Fd-3m,230.03,933.4,42.8,1.25e-05,20.1,4.09,3.31,0,2512.6
Zn (100.0%),"4.63, 5.58, 5.53",Fm-3m,230.03,933.4,42.8,1.25e-05,20.1,4.09,3.31,1,2512.6
Ni (100.0%),"4.77, 4.04, 4.67",Pnma,230.03,933.4,42.8,1.25e-05,20.1,4.09,3.31,1,2512.6
Ti (100.0%),"4.08, 5.4, 5.15",P4/mmm,230.03,933.4,42.8,1.25e-05,20.1,4.09,3.31,1,2512.6
"Ti (85.8%), Zn (14.2%)","5.76, 5.46, 3.55",P4/mmm,230.03,933.4,42.8,1.25e-05,20.1,4.09,3.31,0,2512.6
"Si (85.8%), Cu (14.2%)","4.66, 3.9, 4.62",Pnma,230.03,933.4,42.8,1.25e-05,20.1,4.09,3.31,1,2512.6
Ni (100.0%),"5.09, 5.87, 4.53",P4/mmm,230.03,933.4,42.8,1.25e-05,20.1,4.09,3.31,0,2512.6
Fe (100.0%),"5.41, 3.54, 5.22",Fd-3m,230.03,933.4,42.8,1.25e-05,20.1,4.09,3.31,0,2512.6
"Cu (85.9%), Co (14.1%)","4.94, 4.63, 5.05",P4/mmm,230.03,933.4,42.8,1.25e-05,20.1,4.09,3.31,0,2512.6
"Al (87.4%), Si (12.6%)","4.24, 5.15, 5.01",Pnma,230.03,933.4,42.8,1.25e-05,20.1,4.09,3.31,1,2512.6
Co (100.0%),"5.3, 5.13, 3.95",Pnma,230.03,933.4,42.8,1.25e-05,20.1,4.09,3.31,1,2512.6
"Co (85.2%), Al (14.8%)","3.58, 5.44, 3.85",Pnma,230.03,933.4,42.8,1.25e-05,20.1,4.09,3.31,1,2512.6
Zn (100.0%),"4.04, 3.89, 5.29",C2/c,230.03,933.4,42.8,1.25e-05,20.1,4.09,3.31,1,2512.6
"Cu (95.2%), Mg (4.8%)","4.85, 4.22, 3.52",P4/mmm,230.03,933.4,42.8,1.25e-05,20.1,4.09,3.31,0,2512.6
"Zn (51.5%), Fe (48.5%)","5.86, 4.36, 4.44",C2/c,230.03,933.4,42.8,1.25e-05,20.1,4.09,3.31,1,2512.6
"Cu (73.1%), Al (26.9%)","5.99, 5.2, 3.6",Fd-3m,230.03,933.4,42.8,1.25e-05,20.1,4.09,3.31,0,2512.6
Fe (100.0%),"4.12, 4.9, 3.96",Fm-3m,230.03,933.4,42.8,1.25e-05,20.1,4.09,3.31,0,2512.6
"Ni (68.7%), Zn (31.3%)","5.57, 5.31, 5.97",Fm-3m,230.03,933.4,42.8,1.25e-05,20.1,4.09,3.31,1,2512.6
"Zn (15.5%), Mg (84.5%)","5.72, 5.93, 3.58",P4/mmm,230.03,933.4,42.8,1.25e-05,20.1,4.09,3.31,0,2512.6
"Si (36.6%), Co (63.4%)","4.84, 5.22, 3.87",P4/mmm,230.03,933.4,42.8,1.25e-05,20.1,4.09,3.31,1,2512.6
Si (100.0%),"4.92, 3.88, 3.63",C2/c,230.03,933.4,42.8,1.25e-05,20.1,4.09,3.31,1,2512.6
Ti (100.0%),"4.91, 3.99, 3.99",C2/c,230.03,933.4,42.8,1.25e-05,20.1,4.09,3.31,1,2512.6
"Co (50.9%), Ni (49.1%)","3.94, 5.41, 5.46",C2/c,230.03,933.4,42.8,1.25e-05,20.1,4.09,3.31,1,2512.6
"Fe (37.6%), Mg (62.4%)","4.18, 4.98, 5.05",C2/c,230.03,933.4,42.8,1.25e-05,20.1,4.09,3.31,0,2512.6
Mg (100.0%),"5.14, 4.97, 4.5",C2/c,230.03,933.4,42.8,1.25e-05,20.1,4.09,3.31,1,2512.6
"Co (83.1%), Ni (16.9%)","5.61, 5.14, 5.64",C2/c,230.03,933.4,42.8,1.25e-05,20.1,4.09,3.31,0,2512.6
Si (100.0%),"5.77, 5.06, 4.53",Fm-3m,230.03,933.4,42.8,1.25e-05,20.1,4.09,3.31,0,2512.6
Co (100.0%),"4.99, 5.87, 4.1",P4/mmm,230.03,933.4,42.8,1.25e-05,20.1,4.09,3.31,1,2512.6
Co (100.0%),"4.49, 5.62, 4.81",Pnma,230.03,933.4,42.8,1.25e-05,20.1,4.09,3.31,1,2512.6
"Mg (35.1%), Cu (64.9%)","4.81, 5.01, 5.73",Fd-3m,230.03,933.4,42.8,1.25e-05,20.1,4.09,3.31,0,2512.6
Fe (100.0%),"5.08, 3.78, 5.86",Fd-3m,230.03,933.4,42.8,1.25e-05,20.1,4.09,3.31,1,2512.6
Mg (100.0%),"5.53, 4.12, 5.15",C2/c,230.03,933.4,42.8,1.25e-05,20.1,4.09,3.31,0,2512.6
"Zn (54.6%), Mg (45.4%)","3.96, 5.12, 5.41",Fd-3m,230.03,933.4,42.8,1.25e-05,20.1,4.09,3.31,0,2512.6
Co (100.0%),"5.88, 3.69, 5.65",Pnma,230.03,933.4,42.8,1.25e-05,20.1,4.09,3.31,0,2512.6
Fe (100.0%),"5.7, 5.58, 5.44",Fd-3m,230.03,933.4,42.8,1.25e-05,20.1,4.09,3.31,0,2512.6
"Si (32.0%), Zn (68.0%)","5.09, 3.55, 5.27",Fd-3m,230.03,933.4,42.8,1.25e-05,20.1,4.09,3.31,1,2512.6
"Mg (87.5%), Co (12.5%)","3.57, 3.6, 4.04",Fm-3m,230.03,933.4,42.8,1.25e-05,20.1,4.09,3.31,0,2512.6
"Zn (66.8%), Ni (33.2%)","3.71, 5.92, 5.87",C2/c,230.03,933.4,42.8,1.25e-05,20.1,4.09,3.31,1,2512.6
Al (100.0%),"4.1, 4.17, 5.72",Fm-3m,230.03,933.4,42.8,1.25e-05,20.1,4.09,3.31,0,2512.6
"Zn (97.4%), Mg (2.6%)","4.55, 5.17, 3.86",C2/c,230.03,933.4,42.8,1.25e-05,20.1,4.09,3.31,1,2512.6
"Si (3.5%), Zn (96.5%)","5.31, 4.63, 5.96",P4/mmm,230.03,933.4,42.8,1.25e-05,20.1,4.09,3.31,0,2512.6
"Fe (81.4%), Cu (18.6%)","5.4, 5.66, 5.77",P4/mmm,230.03,933.4,42.8,1.25e-05,20.1,4.09,3.31,1,2512.6
Si (100.0%),"4.6, 3.72, 5.0",C2/c,230.03,933.4,42.8,1.25e-05,20.1,4.09,3.31,0,2512.6
Al (100.0%),"4.16, 4.48, 5.6",Fd-3m,230.03,933.4,42.8,1.25e-05,20.1,4.09,3.31,0,2512.6
Al (100.0%),"5.84, 4.57, 4.46",C2/c,230.03,933.4,42.8,1.25e-05,20.1,4.09,3.31,0,2512.6
"Ni (7.4%), Si (92.6%)","5.12, 3.58, 5.99",C2/c,230.03,933.4,42.8,1.25e-05,20.1,4.09,3.31,0,2512.6
"Al (86.9%), Cu (13.1%)","5.27, 3.92, 4.71",Pnma,230.03,933.4,42.8,1.25e-05,20.1,4.09,3.31,0,2512.6
"Mg (92.8%), Zn (7.2%)","5.83, 4.88, 3.63",Fm-3m,230.03,933.4,42.8,1.25e-05,20.1,4.09,3.31,0,2512.6
Fe (100.0%),"5.42, 5.63, 4.24",Pnma,230.03,933.4,42.8,1.25e-05,20.1,4.09,3.31,1,2512.6
Ti (100.0%),"4.0, 3.93, 5.44",P4/mmm,230.03,933.4,42.8,1.25e-05,20.1,4.09,3.31,0,2512.6
Zn (100.0%),"5.83, 4.08, 4.01",C2/c,230.03,933.4,42.8,1.25e-05,20.1,4.09,3.31,0,2512.6
"Zn (66.1%), Cu (33.9%)","4.89, 3.59, 4.09",Pnma,230.03,933.4,42.8,1.25e-05,20.1,4.09,3.31,0,2512.6
Al (100.0%),"5.27, 4.41, 4.77",P4/mmm,230.03,933.4,42.8,1.25e-05,20.1,4.09,3.31,0,2512.6
"Co (23.1%), Mg (76.9%)","5.87, 5.5, 5.26",Fm-3m,230.03,933.4,42.8,1.25e-05,20.1,4.09,3.31,1,2512.6
Si (100.0%),"4.5, 5.11, 5.99",Fd-3m,230.03,933.4,42.8,1.25e-05,20.1,4.09,3.31,1,2512.6
Al (100.0%),"5.93, 3.94, 3.95",C2/c,230.03,933.4,42.8,1.25e-05,20.1,4.09,3.31,1,2512.6
Mg (100.0%),"4.79, 4.02, 5.44",Pnma,230.03,933.4,42.8,1.25e-05,20.1,4.09,3.31,0,2512.6
Al (100.0%),"5.21, 5.83, 5.81",Pnma,230.03,933.4,42.8,1.25e-05,20.1,4.09,3.31,1,2512.6
"Al (9.0%), Si (91.0%)","3.7, 4.32, 4.29",P4/mmm,230.03,933.4,42.8,1.25e-05,20.1,4.09,3.31,0,2512.6
"Fe (95.4%), Si (4.6%)","5.43, 5.44, 4.14",C2/c,230.03,933.4,42.8,1.25e-05,20.1,4.09,3.31,1,2512.6
"Mg (51.7%), Zn (48.3%)","3.82, 5.64, 5.4",C2/c,230.03,933.4,42.8,1.25e-05,20.1,4.09,3.31,0,2512.6
Ti (100.0%),"3.89, 4.49, 5.06",Fd-3m,230.03,933.4,42.8,1.25e-05,20.1,4.09,3.31,0,2512.6
Cu (100.0%),"3.96, 4.68, 5.43",Fm-3m,230.03,933.4,42.8,1.25e-05,20.1,4.09,3.31,0,2512.6
"Co (12.0%), Al (88.0%)","5.05, 4.87, 5.13",Pnma,230.03,933.4,42.8,1.25e-05,20.1,4.09,3.31,0,2512.6
"Si (96.9%), Zn (3.1%)","5.07, 4.11, 5.46",Pnma,230.03,933.4,42.8,1.25e-05,20.1,4.09,3.31,1,2512.6
"Ti (60.4%), Fe (39.6%)","3.76, 4.44, 3.8",Pnma,230.03,933.4,42.8,1.25e-05,20.1,4.09,3.31,1,2512.6
Ni (100.0%),"3.79, 3.84, 3.97",P4/mmm,230.03,933.4,42.8,1.25e-05,20.1,4.09,3.31,1,2512.6
Co (100.0%),"5.28, 3.98, 4.52",P4/mmm,230.03,933.4,42.8,1.25e-05,20.1,4.09,3.31,1,2512.6
Mg (100.0%),"5.65, 5.41, 4.94",Fd-3m,230.03,933.4,42.8,1.25e-05,20.1,4.09,3.31,0,2512.6
Al (100.0%),"4.68, 3.55, 3.5",Fm-3m,230.03,933.4,42.8,1.25e-05,20.1,4.09,3.31,0,2512.6
Fe (100.0%),"3.52, 3.8, 5.06",Pnma,230.03,933.4,42.8,1.25e-05,20.1,4.09,3.31,0,2512.6
Ni (100.0%),"5.18, 3.8, 3.65",P4/mmm,230.03,933.4,42.8,1.25e-05,20.1,4.09,3.31,1,2512.6
Cu (100.0%),"4.18, 3.84, 5.2",Pnma,230.03,933.4,42.8,1.25e-05,20.1,4.09,3.31,0,2512.6
Mg (100.0%),"4.91, 5.92, 5.23",C2/c,230.03,933.4,42.8,1.25e-05,20.1,4.09,3.31,0,2512.6
Fe (100.0%),"5.76, 4.86, 5.66",Fd-3m,230.03,933.4,42.8,1.25e-05,20.1,4.09,3.31,0,2512.6
"Zn (68.4%), Fe (31.6%)","4.98, 5.5, 4.85",P4/mmm,230.03,933.4,42.8,1.25e-05,20.1,4.09,3.31,1,2512.6
Cu (100.0%),"5.88, 3.79, 5.61",Pnma,230.03,933.4,42.8,1.25e-05,20.1,4.09,3.31,1,2512.6
"Ni (38.2%), Co (61.8%)","4.57, 5.09, 4.42",Fm-3m,230.03,933.4,42.8,1.25e-05,20.1,4.09,3.31,0,2512.6
Cu (100.0%),"5.9, 3.75, 5.78",C2/c,230.03,933.4,42.8,1.25e-05,20.1,4.09,3.31,0,2512.6
"Fe (56.1%), Al (43.9%)","3.85, 5.48, 5.5",Fm-3m,230.03,933.4,42.8,1.25e-05,20.1,4.09,3.31,1,2512.6
"Zn (43.7%), Ni (56.3%)","3.77, 5.2, 5.57",Fd-3m,230.03,933.4,42.8,1.25e-05,20.1,4.09,3.31,0,2512.6
Al (100.0%),"5.83, 4.72, 4.8",Pnma,230.03,933.4,42.8,1.25e-05,20.1,4.09,3.31,1,2512.6
"Fe (56.6%), Al (43.4%)","4.98, 3.81, 4.95",C2/c,230.03,933.4,42.8,1.25e-05,20.1,4.09,3.31,1,2512.6
Si (100.0%),"3.52, 3.66, 4.25",Fm-3m,230.03,933.4,42.8,1.25e-05,20.1,4.09,3.31,1,2512.6
Ti (100.0%),"4.49, 3.98, 5.67",Pnma,230.03,933.4,42.8,1.25e-05,20.1,4.09,3.31,0,2512.6
"Fe (8.1%), Mg (91.9%)","4.21, 3.79, 5.24",Pnma,230.03,933.4,42.8,1.25e-05,20.1,4.09,3.31,1,2512.6
"Mg (63.2%), Zn (36.8%)","5.78, 4.18, 5.85",Fd-3m,230.03,933.4,42.8,1.25e-05,20.1,4.09,3.31,1,2512.6
Al (100.0%),"4.26, 5.05, 5.55",P4/mmm,230.03,933.4,42.8,1.25e-05,20.1,4.09,3.31,0,2512.6
"Cu (62.5%), Zn (37.5%)","3.62, 4.83, 3.69",Fm-3m,230.03,933.4,42.8,1.25e-05,20.1,4.09,3.31,0,2512.6
Cu (100.0%),"3.99, 4.34, 5.18",Fm-3m,230.03,933.4,42.8,1.25e-05,20.1,4.09,3.31,0,2512.6
Si (100.0%),"5.51, 5.91, 5.09",P4/mmm,230.03,933.4,42.8,1.25e-05,20.1,4.09,3.31,0,2512.6
Ti (100.0%),"5.6, 5.93, 3.6",Fd-3m,230.03,933.4,42.8,1.25e-05,20.1,4.09,3.31,0,2512.6
"Ni (62.4%), Zn (37.6%)","3.87, 3.55, 5.91",C2/c,230.03,933.4,42.8,1.25e-05,20.1,4.09,3.31,0,2512.6
"Ni (49.6%), Si (50.4%)","5.35, 5.98, 4.15",Fd-3m,230.03,933.4,42.8,1.25e-05,20.1,4.09,3.31,1,2512.6
"Ti (21.0%), Fe (79.0%)","5.4, 4.21, 5.94",C2/c,230.03,933.4,42.8,1.25e-05,20.1,4.09,3.31,0,2512.6
Ti (100.0%),"5.49, 5.76, 5.5",P4/mmm,230.03,933.4,42.8,1.25e-05,20.1,4.09,3.31,1,2512.6
"Fe (45.7%), Si (54.3%)","5.67, 5.76, 5.7",Fd-3m,230.03,933.4,42.8,1.25e-05,20.1,4.09,3.31,0,2512.6
Mg (100.0%),"4.7, 3.78, 4.99",P4/mmm,230.03,933.4,42.8,1.25e-05,20.1,4.09,3.31,0,2512.6
"Cu (24.7%), Mg (75.3%)","3.68, 4.01, 4.18",Pnma,230.03,933.4,42.8,1.25e-05,20.1,4.09,3.31,1,2512.6
"Mg (60.7%), Zn (39.3%)","5.45, 5.23, 3.81",Pnma,230.03,933.4,42.8,1.25e-05,20.1,4.09,3.31,0,2512.6
"Al (6.2%), Mg (93.8%)","5.71, 4.99, 4.23",P4/mmm,230.03,933.4,42.8,1.25e-05,20.1,4.09,3.31,0,2512.6
"Zn (72.4%), Si (27.6%)","4.14, 3.81, 3.9",P4/mmm,230.03,933.4,42.8,1.25e-05,20.1,4.09,3.31,1,2512.6
Al (100.0%),"3.95, 4.34, 4.69",Pnma,230.03,933.4,42.8,1.25e-05,20.1,4.09,3.31,1,2512.6
Zn (100.0%),"4.76, 4.62, 4.19",Fm-3m,230.03,933.4,42.8,1.25e-05,20.1,4.09,3.31,0,2512.6
"Si (35.3%), Co (64.7%)","4.36, 5.01, 3.69",Fd-3m,230.03,933.4,42.8,1.25e-05,20.1,4.09,3.31,1,2512.6
"Ni (54.0%), Fe (46.0%)","5.36, 5.76, 5.97",P4/mmm,230.03,933.4,42.8,1.25e-05,20.1,4.09,3.31,1,2512.6
Al (100.0%),"4.27, 3.63, 5.25",Pnma,230.03,933.4,42.8,1.25e-05,20.1,4.09,3.31,0,2512.6
Cu (100.0%),"4.19, 4.82, 3.68",P4/mmm,230.03,933.4,42.8,1.25e-05,20.1,4.09,3.31,0,2512.6
Zn (100.0%),"5.17, 3.84, 4.26",Fd-3m,230.03,933.4,42.8,1.25e-05,20.1,4.09,3.31,1,2512.6
"Zn (45.7%), Ni (54.3%)","5.29, 3.64, 5.8",Fm-3m,230.03,933.4,42.8,1.25e-05,20.1,4.09,3.31,0,2512.6
Zn (100.0%),"5.56, 5.36, 5.43",C2/c,230.03,933.4,42.8,1.25e-05,20.1,4.09,3.31,1,2512.6
Co (100.0%),"5.23, 4.22, 4.24",Pnma,230.03,933.4,42.8,1.25e-05,20.1,4.09,3.31,0,2512.6
Zn (100.0%),"5.96, 4.22, 4.01",Fm-3m,230.03,933.4,42.8,1.25e-05,20.1,4.09,3.31,1,2512.6
"Co (76.9%), Ti (23.1%)","3.96, 5.9, 3.89",Fm-3m,230.03,933.4,42.8,1.25e-05,20.1,4.09,3.31,1,2512.6
Al (100.0%),"4.93, 3.92, 4.85",Fm-3m,230.03,933.4,42.8,1.25e-05,20.1,4.09,3.31,1,2512.6
Ni (100.0%),"4.28, 5.42, 5.06",Fm-3m,230.03,933.4,42.8,1.25e-05,20.1,4.09,3.31,0,2512.6
"Zn (31.1%), Ni (68.9%)","5.3, 3.85, 5.31",C2/c,230.03,933.4,42.8,1.25e-05,20.1,4.09,3.31,0,2512.6
Ni (100.0%),"5.9, 5.81, 4.98",Fm-3m,230.03,933.4,42.8,1.25e-05,20.1,4.09,3.31,0,2512.6
"Si (45.2%), Al (54.8%)","3.65, 5.32, 3.84",P4/mmm,230.03,933.4,42.8,1.25e-05,20.1,4.09,3.31,1,2512.6
Zn (100.0%),"4.73, 4.15, 4.6",Pnma,230.03,933.4,42.8,1.25e-05,20.1,4.09,3.31,0,2512.6
Co (100.0%),"4.26, 3.7, 4.42",P4/mmm,230.03,933.4,42.8,1.25e-05,20.1,4.09,3.31,0,2512.6
"Mg (23.5%), Al (76.5%)","3.76, 4.62, 4.37",P4/mmm,230.03,933.4,42.8,1.25e-05,20.1,4.09,3.31,0,2512.6
Ni (100.0%),"4.26, 5.25, 4.08",Pnma,230.03,933.4,42.8,1.25e-05,20.1,4.09,3.31,1,2512.6
"Co (75.1%), Ni (24.9%)","4.93, 4.11, 3.98",C2/c,230.03,933.4,42.8,1.25e-05,20.1,4.09,3.31,1,2512.6
"Co (68.0%), Zn (32.0%)","4.16, 5.88, 5.77",C2/c,230.03,933.4,42.8,1.25e-05,20.1,4.09,3.31,0,2512.6
Si (100.0%),"4.63, 5.81, 5.93",P4/mmm,230.03,933.4,42.8,1.25e-05,20.1,4.09,3.31,0,2512.6
"Ti (37.2%), Mg (62.8%)","5.19, 3.87, 5.75",C2/c,230.03,933.4,42.8,1.25e-05,20.1,4.09,3.31,1,2512.6
Cu (100.0%),"3.6, 3.8, 3.97",C2/c,230.03,933.4,42.8,1.25e-05,20.1,4.09,3.31,1,2512.6
"Mg (34.6%), Fe (65.4%)","3.6, 5.78, 5.83",Fd-3m,230.03,933.4,42.8,1.25e-05,20.1,4.09,3.31,1,2512.6
Fe (100.0%),"5.26, 4.31, 5.15",Fm-3m,230.03,933.4,42.8,1.25e-05,20.1,4.09,3.31,1,2512.6
"Co (30.0%), Ti (70.0%)","5.35, 5.98, 4.4",Pnma,230.03,933.4,42.8,1.25e-05,20.1,4.09,3.31,1,2512.6
Fe (100.0%),"5.4, 5.54, 4.53",C2/c,230.03,933.4,42.8,1.25e-05,20.1,4.09,3.31,0,2512.6
"Ti (91.8%), Fe (8.2%)","4.2, 4.4, 4.39",C2/c,230.03,933.4,42.8,1.25e-05,20.1,4.09,3.31,0,2512.6
"Si (43.3%), Zn (56.7%)","5.43, 3.87, 5.96",Fm-3m,230.03,933.4,42.8,1.25e-05,20.1,4.09,3.31,1,2512.6
"Fe (45.0%), Co (55.0%)","3.68, 3.63, 4.44",P4/mmm,230.03,933.4,42.8,1.25e-05,20.1,4.09,3.31,1,2512.6
"Ni (35.5%), Cu (64.5%)","5.65, 5.02, 3.56",Pnma,230.03,933.4,42.8,1.25e-05,20.1,4.09,3.31,0,2512.6
"Co (8.2%), Ti (91.8%)","3.75, 4.48, 5.1",C2/c,230.03,933.4,42.8,1.25e-05,20.1,4.09,3.31,1,2512.6
"Zn (7.4%), Cu (92.6%)","5.71, 4.61, 4.65",Pnma,230.03,933.4,42.8,1.25e-05,20.1,4.09,3.31,1,2512.6
Fe (100.0%),"5.36, 3.99, 5.23",Fd-3m,230.03,933.4,42.8,1.25e-05,20.1,4.09,3.31,1,2512.6
Ni (100.0%),"5.39, 5.57, 3.68",C2/c,230.03,933.4,42.8,1.25e-05,20.1,4.09,3.31,1,2512.6
"Al (41.9%), Co (58.1%)","5.42, 3.81, 4.48",Pnma,230.03,933.4,42.8,1.25e-05,20.1,4.09,3.31,0,2512.6
Zn (100.0%),"4.84, 5.47, 4.05",Fm-3m,230.03,933.4,42.8,1.25e-05,20.1,4.09,3.31,1,2512.6
Al (100.0%),"3.78, 5.76, 4.1",Fm-3m,230.03,933.4,42.8,1.25e-05,20.1,4.09,3.31,1,2512.6
"Ni (61.2%), Mg (38.8%)","5.19, 5.97, 4.68",Pnma,230.03,933.4,42.8,1.25e-05,20.1,4.09,3.31,1,2512.6
Co (100.0%),"4.68, 5.71, 3.6",P4/mmm,230.03,933.4,42.8,1.25e-05,20.1,4.09,3.31,1,2512.6
Ti (100.0%),"3.84, 3.7, 5.42",Fm-3m,230.03,933.4,42.8,1.25e-05,20.1,4.09,3.31,1,2512.6
Co (100.0%),"3.91, 5.54, 4.79",P4/mmm,230.03,933.4,42.8,1.25e-05,20.1,4.09,3.31,1,2512.6
Ti (100.0%),"4.15, 4.22, 3.82",P4/mmm,230.03,933.4,42.8,1.25e-05,20.1,4.09,3.31,1,2512.6
Zn (100.0%),"4.35, 4.55, 5.03",Fm-3m,230.03,933.4,42.8,1.25e-05,20.1,4.09,3.31,0,2512.6
Mg (100.0%),"5.98, 4.55, 3.73",P4/mmm,230.03,933.4,42.8,1.25e-05,20.1,4.09,3.31,0,2512.6
"Ni (7.0%), Cu (93.0%)","4.54, 4.44, 4.98",C2/c,230.03,933.4,42.8,1.25e-05,20.1,4.09,3.31,0,2512.6
"Ti (25.2%), Cu (74.8%)","4.77, 5.83, 3.97",C2/c,230.03,933.4,42.8,1.25e-05,20.1,4.09,3.31,0,2512.6
Co (100.0%),"4.59, 5.72, 5.13",Fd-3m,230.03,933.4,42.8,1.25e-05,20.1,4.09,3.31,1,2512.6
Zn (100.0%),"3.59, 4.39, 4.39",P4/mmm,230.03,933.4,42.8,1.25e-05,20.1,4.09,3.31,1,2512.6
"Ni (1.3%), Cu (98.7%)","3.7, 4.2, 5.22",Pnma,230.03,933.4,42.8,1.25e-05,20.1,4.09,3.31,0,2512.6
Al (100.0%),"4.08, 5.9, 5.34",P4/mmm,230.03,933.4,42.8,1.25e-05,20.1,4.09,3.31,0,2512.6
"Fe (18.3%), Cu (81.7%)","3.64, 5.65, 5.12",P4/mmm,230.03,933.4,42.8,1.25e-05,20.1,4.09,3.31,1,2512.6
"Fe (36.7%), Si (63.3%)","3.66, 3.66, 4.74",Fm-3m,230.03,933.4,42.8,1.25e-05,20.1,4.09,3.31,0,2512.6
Cu (100.0%),"3.78, 4.48, 4.37",Fm-3m,230.03,933.4,42.8,1.25e-05,20.1,4.09,3.31,1,2512.6
"Ni (62.2%), Si (37.8%)","5.12, 3.67, 3.52",Pnma,230.03,933.4,42.8,1.25e-05,20.1,4.09,3.31,1,2512.6
"Si (44.8%), Cu (55.2%)","4.06, 3.77, 3.57",Pnma,230.03,933.4,42.8,1.25e-05,20.1,4.09,3.31,1,2512.6
Zn (100.0%),"5.29, 4.12, 4.47",C2/c,230.03,933.4,42.8,1.25e-05,20.1,4.09,3.31,1,2512.6
Cu (100.0%),"4.24, 4.51, 5.42",C2/c,230.03,933.4,42.8,1.25e-05,20.1,4.09,3.31,1,2512.6
Si (100.0%),"4.77, 3.64, 3.61",Pnma,230.03,933.4,42.8,1.25e-05,20.1,4.09,3.31,0,2512.6
"Cu (30.4%), Ni (69.6%)","5.09, 4.23, 4.26",Fd-3m,230.03,933.4,42.8,1.25e-05,20.1,4.09,3.31,0,2512.6
Mg (100.0%),"4.69, 5.39, 5.26",Fm-3m,230.03,933.4,42.8,1.25e-05,20.1,4.09,3.31,0,2512.6
"Fe (71.7%), Co (28.3%)","4.47, 5.12, 3.86",C2/c,230.03,933.4,42.8,1.25e-05,20.1,4.09,3.31,1,2512.6
"Fe (49.7%), Co (50.3%)","4.23, 5.89, 5.55",C2/c,230.03,933.4,42.8,1.25e-05,20.1,4.09,3.31,1,2512.6
"Zn (86.1%), Ti (13.9%)","4.44, 4.24, 4.25",Fd-3m,230.03,933.4,42.8,1.25e-05,20.1,4.09,3.31,0,2512.6
"Si (6.8%), Zn (93.2%)","4.37, 4.56, 4.93",Pnma,230.03,933.4,42.8,1.25e-05,20.1,4.09,3.31,0,2512.6
Zn (100.0%),"5.09, 4.4, 4.59",Pnma,230.03,933.4,42.8,1.25e-05,20.1,4.09,3.31,0,2512.6
Fe (100.0%),"4.37, 4.99, 3.74",C2/c,230.03,933.4,42.8,1.25e-05,20.1,4.09,3.31,0,2512.6
Al (100.0%),"3.93, 4.56, 4.84",Fm-3m,230.03,933.4,42.8,1.25e-05,20.1,4.09,3.31,1,2512.6
Al (100.0%),"4.22, 3.81, 5.43",C2/c,230.03,933.4,42.8,1.25e-05,20.1,4.09,3.31,1,2512.6
"Ni (23.2%), Co (76.8%)","4.95, 5.23, 5.69",Pnma,230.03,933.4,42.8,1.25e-05,20.1,4.09,3.31,1,2512.6
Si (100.0%),"4.97, 5.17, 4.36",Pnma,230.03,933.4,42.8,1.25e-05,20.1,4.09,3.31,1,2512.6
Co (100.0%),"4.69, 4.06, 4.71",C2/c,230.03,933.4,42.8,1.25e-05,20.1,4.09,3.31,1,2512.6
"Ni (5.2%), Si (94.8%)","4.83, 4.47, 5.47",P4/mmm,230.03,933.4,42.8,1.25e-05,20.1,4.09,3.31,1,2512.6
"Ti (83.4%), Mg (16.6%)","5.44, 5.49, 3.94",C2/c,230.03,933.4,42.8,1.25e-05,20.1,4.09,3.31,0,2512.6
"Zn (60.0%), Ti (40.0%)","4.53, 4.88, 4.18",P4/mmm,230.03,933.4,42.8,1.25e-05,20.1,4.09,3.31,0,2512.6
Zn (100.0%),"4.76, 4.49, 3.88",C2/c,230.03,933.4,42.8,1.25e-05,20.1,4.09,3.31,0,2512.6
"Al (17.0%), Zn (83.0%)","4.6, 4.93, 4.74",P4/mmm,230.03,933.4,42.8,1.25e-05,20.1,4.09,3.31,0,2512.6
Zn (100.0%),"5.88, 5.76, 3.76",P4/mmm,230.03,933.4,42.8,1.25e-05,20.1,4.09,3.31,1,2512.6
"Ti (6.7%), Co (93.3%)","4.24, 4.56, 4.38",Fm-3m,230.03,933.4,42.8,1.25e-05,20.1,4.09,3.31,0,2512.6
"Ni (69.8%), Zn (30.2%)","3.69, 5.81, 4.87",P4/mmm,230.03,933.4,42.8,1.25e-05,20.1,4.09,3.31,0,2512.6
"Zn (53.4%), Ni (46.6%)","4.97, 3.88, 3.75",Fd-3m,230.03,933.4,42.8,1.25e-05,20.1,4.09,3.31,1,2512.6
Al (100.0%),"5.08, 5.39, 5.12",Fm-3m,230.03,933.4,42.8,1.25e-05,20.1,4.09,3.31,0,2512.6
Cu (100.0%),"3.87, 4.8, 4.61",Fm-3m,230.03,933.4,42.8,1.25e-05,20.1,4.09,3.31,0,2512.6
Zn (100.0%),"3.51, 5.74, 5.55",Fm-3m,230.03,933.4,42.8,1.25e-05,20.1,4.09,3.31,1,2512.6
"Si (68.9%), Zn (31.1%)","4.32, 3.58, 4.65",P4/mmm,230.03,933.4,42.8,1.25e-05,20.1,4.09,3.31,1,2512.6
"Si (51.7%), Ni (48.3%)","5.29, 5.16, 3.97",Fm-3m,230.03,933.4,42.8,1.25e-05,20.1,4.09,3.31,1,2512.6
"Zn (45.6%), Ti (54.4%)","4.03, 3.73, 5.37",P4/mmm,230.03,933.4,42.8,1.25e-05,20.1,4.09,3.31,0,2512.6
"Zn (96.7%), Si (3.3%)","4.74, 4.39, 3.95",Pnma,230.03,933.4,42.8,1.25e-05,20.1,4.09,3.31,1,2512.6
"Mg (5.5%), Ni (94.5%)","5.39, 5.21, 3.83",Fd-3m,230.03,933.4,42.8,1.25e-05,20.1,4.09,3.31,1,2512.6
"Si (5.8%), Ti (94.2%)","3.51, 5.13, 5.2",Fd-3m,230.03,933.4,42.8,1.25e-05,20.1,4.09,3.31,1,2512.6
"Mg (83.7%), Ni (16.3%)","5.59, 5.06, 5.03",Fd-3m,230.03,933.4,42.8,1.25e-05,20.1,4.09,3.31,0,2512.6
Cu (100.0%),"5.4, 4.14, 4.25",Fm-3m,230.03,933.4,42.8,1.25e-05,20.1,4.09,3.31,1,2512.6
"Al (49.5%), Si (50.5%)","5.97, 4.25, 5.16",C2/c,230.03,933.4,42.8,1.25e-05,20.1,4.09,3.31,1,2512.6
"Al (29.6%), Co (70.4%)","4.92, 5.81, 5.89",Fm-3m,230.03,933.4,42.8,1.25e-05,20.1,4.09,3.31,1,2512.6
Ni (100.0%),"5.58, 4.21, 3.72",Pnma,230.03,933.4,42.8,1.25e-05,20.1,4.09,3.31,1,2512.6
Zn (100.0%),"4.23, 4.32, 3.81",C2/c,230.03,933.4,42.8,1.25e-05,20.1,4.09,3.31,0,2512.6
Cu (100.0%),"3.55, 4.05, 4.17",Pnma,230.03,933.4,42.8,1.25e-05,20.1,4.09,3.31,1,2512.6
Mg (100.0%),"4.19, 4.89, 4.97",P4/mmm,230.03,933.4,42.8,1.25e-05,20.1,4.09,3.31,1,2512.6
Cu (100.0%),"4.37, 4.52, 4.33",Fm-3m,230.03,933.4,42.8,1.25e-05,20.1,4.09,3.31,0,2512.6
Mg (100.0%),"3.74, 5.14, 5.17",Pnma,230.03,933.4,42.8,1.25e-05,20.1,4.09,3.31,1,2512.6
Fe (100.0%),"5.32, 4.59, 3.57",Pnma,230.03,933.4,42.8,1.25e-05,20.1,4.09,3.31,1,2512.6
"Fe (58.5%), Mg (41.5%)","5.39, 4.54, 5.0",Pnma,230.03,933.4,42.8,1.25e-05,20.1,4.09,3.31,0,2512.6
"Co (76.1%), Cu (23.9%)","5.87, 3.98, 4.61",Pnma,230.03,933.4,42.8,1.25e-05,20.1,4.09,3.31,1,2512.6
Al (100.0%),"4.82, 3.7, 5.1",C2/c,230.03,933.4,42.8,1.25e-05,20.1,4.09,3.31,0,2512.6
Si (100.0%),"4.54, 5.3, 4.64",C2/c,230.03,933.4,42.8,1.25e-05,20.1,4.09,3.31,0,2512.6
Ni (100.0%),"5.71, 4.28, 5.56",P4/mmm,230.03,933.4,42.8,1.25e-05,20.1,4.09,3.31,1,2512.6
Co (100.0%),"5.58, 3.82, 4.29",Fd-3m,230.03,933.4,42.8,1.25e-05,20.1,4.09,3.31,1,2512.6
"Al (19.3%), Mg (80.7%)","4.84, 5.35, 3.64",C2/c,230.03,933.4,42.8,1.25e-05,20.1,4.09,3.31,1,2512.6
Cu (100.0%),"5.41, 3.72, 4.51",P4/mmm,230.03,933.4,42.8,1.25e-05,20.1,4.09,3.31,0,2512.6
"Ti (26.7%), Ni (73.3%)","4.26, 5.4, 4.14",Fm-3m,230.03,933.4,42.8,1.25e-05,20.1,4.09,3.31,0,2512.6
"Mg (0.3%), Al (99.7%)","3.52, 3.65, 4.21",Fm-3m,230.03,933.4,42.8,1.25e-05,20.1,4.09,3.31,0,2512.6
"Mg (16.6%), Cu (83.4%)","4.86, 4.76, 4.76",Fd-3m,230.03,933.4,42.8,1.25e-05,20.1,4.09,3.31,0,2512.6
"Zn (51.0%), Fe (49.0%)","5.94, 5.77, 5.4",Pnma,230.03,933.4,42.8,1.25e-05,20.1,4.09,3.31,0,2512.6
Ni (100.0%),"5.14, 4.27, 4.03",Fm-3m,230.03,933.4,42.8,1.25e-05,20.1,4.09,3.31,0,2512.6
"Mg (88.2%), Fe (11.8%)","5.66, 5.43, 3.58",Fd-3m,230.03,933.4,42.8,1.25e-05,20.1,4.09,3.31,0,2512.6
"Mg (36.8%), Cu (63.2%)","5.13, 5.78, 4.61",Fd-3m,230.03,933.4,42.8,1.25e-05,20.1,4.09,3.31,1,2512.6
"Ni (83.1%), Zn (16.9%)","5.73, 5.23, 5.0",C2/c,230.03,933.4,42.8,1.25e-05,20.1,4.09,3.31,1,2512.6
"Co (93.5%), Fe (6.5%)","4.2, 3.82, 5.44",C2/c,230.03,933.4,42.8,1.25e-05,20.1,4.09,3.31,0,2512.6
Zn (100.0%),"3.82, 4.14, 4.43",P4/mmm,230.03,933.4,42.8,1.25e-05,20.1,4.09,3.31,0,2512.6
Ni (100.0%),"4.91, 4.44, 4.52",Fd-3m,230.03,933.4,42.8,1.25e-05,20.1,4.09,3.31,1,2512.6
Mg (100.0%),"4.64, 4.18, 5.15",Fm-3m,230.03,933.4,42.8,1.25e-05,20.1,4.09,3.31,1,2512.6
Mg (100.0%),"4.39, 5.03, 4.24",C2/c,230.03,933.4,42.8,1.25e-05,20.1,4.09,3.31,1,2512.6
Zn (100.0%),"4.76, 3.9, 5.36",Fd-3m,230.03,933.4,42.8,1.25e-05,20.1,4.09,3.31,1,2512.6
Si (100.0%),"4.35, 4.92, 5.69",Pnma,230.03,933.4,42.8,1.25e-05,20.1,4.09,3.31,0,2512.6
Co (100.0%),"5.09, 5.38, 4.74",Fd-3m,230.03,933.4,42.8,1.25e-05,20.1,4.09,3.31,0,2512.6
"Fe (44.9%), Si (55.1%)","4.87, 4.19, 4.38",Pnma,230.03,933.4,42.8,1.25e-05,20.1,4.09,3.31,0,2512.6
"Mg (69.0%), Cu (31.0%)","4.07, 5.99, 3.63",C2/c,230.03,933.4,42.8,1.25e-05,20.1,4.09,3.31,0,2512.6
"Ni (35.6%), Fe (64.4%)","5.76, 3.91, 5.7",Fm-3m,230.03,933.4,42.8,1.25e-05,20.1,4.09,3.31,1,2512.6
"Zn (27.0%), Cu (73.0%)","5.97, 3.86, 4.18",Pnma,230.03,933.4,42.8,1.25e-05,20.1,4.09,3.31,0,2512.6
Ni (100.0%),"5.87, 5.81, 4.49",C2/c,230.03,933.4,42.8,1.25e-05,20.1,4.09,3.31,1,2512.6
"Fe (18.2%), Al (81.8%)","5.35, 4.09, 3.87",Pnma,230.03,933.4,42.8,1.25e-05,20.1,4.09,3.31,1,2512.6
Co (100.0%),"5.84, 3.8, 5.95",C2/c,230.03,933.4,42.8,1.25e-05,20.1,4.09,3.31,1,2512.6
Al (100.0%),"4.35, 5.54, 5.75",P4/mmm,230.03,933.4,42.8,1.25e-05,20.1,4.09,3.31,1,2512.6
Si (100.0%),"4.26, 4.72, 5.13",Fm-3m,230.03,933.4,42.8,1.25e-05,20.1,4.09,3.31,0,2512.6
Co (100.0%),"4.82, 5.58, 5.71",Fm-3m,230.03,933.4,42.8,1.25e-05,20.1,4.09,3.31,1,2512.6
"Al (71.8%), Fe (28.2%)","3.64, 4.37, 4.1",Fd-3m,230.03,933.4,42.8,1.25e-05,20.1,4.09,3.31,1,2512.6
Fe (100.0%),"3.69, 3.54, 5.53",P4/mmm,230.03,933.4,42.8,1.25e-05,20.1,4.09,3.31,1,2512.6
"Si (5.4%), Cu (94.6%)","3.56, 5.19, 5.1",Fd-3m,230.03,933.4,42.8,1.25e-05,20.1,4.09,3.31,0,2512.6
Si (100.0%),"5.3, 3.8, 4.73",Pnma,230.03,933.4,42.8,1.25e-05,20.1,4.09,3.31,0,2512.6
Ni (100.0%),"3.61, 4.23, 4.63",C2/c,230.03,933.4,42.8,1.25e-05,20.1,4.09,3.31,1,2512.6
"Fe (53.8%), Zn (46.2%)","4.53, 5.51, 5.75",C2/c,230.03,933.4,42.8,1.25e-05,20.1,4.09,3.31,0,2512.6
"Zn (29.0%), Ti (71.0%)","5.35, 4.2, 4.41",Fd-3m,230.03,933.4,42.8,1.25e-05,20.1,4.09,3.31,1,2512.6
Zn (100.0%),"5.8, 4.13, 3.91",Fd-3m,230.03,933.4,42.8,1.25e-05,20.1,4.09,3.31,0,2512.6
"Si (96.6%), Fe (3.4%)","5.61, 5.79, 5.51",C2/c,230.03,933.4,42.8,1.25e-05,20.1,4.09,3.31,0,2512.6
"Ni (41.6%), Zn (58.4%)","5.97, 5.11, 4.11",Fm-3m,230.03,933.4,42.8,1.25e-05,20.1,4.09,3.31,0,2512.6
"Co (2.1%), Ni (97.9%)","5.06, 3.88, 5.69",C2/c,230.03,933.4,42.8,1.25e-05,20.1,4.09,3.31,1,2512.6
Fe (100.0%),"5.55, 4.38, 5.93",Fd-3m,230.03,933.4,42.8,1.25e-05,20.1,4.09,3.31,1,2512.6
Mg (100.0%),"4.77, 4.47, 5.39",P4/mmm,230.03,933.4,42.8,1.25e-05,20.1,4.09,3.31,0,2512.6
"Ni (87.7%), Co (12.3%)","5.64, 5.19, 4.88",Fd-3m,230.03,933.4,42.8,1.25e-05,20.1,4.09,3.31,1,2512.6
Cu (100.0%),"4.63, 4.18, 5.5",Fd-3m,230.03,933.4,42.8,1.25e-05,20.1,4.09,3.31,0,2512.6
Ni (100.0%),"5.86, 4.52, 3.74",Fm-3m,230.03,933.4,42.8,1.25e-05,20.1,4.09,3.31,1,2512.6
"Fe (14.8%), Cu (85.2%)","3.93, 5.58, 3.88",C2/c,230.03,933.4,42.8,1.25e-05,20.1,4.09,3.31,0,2512.6
"Fe (3.5%), Al (96.5%)","4.01, 4.63, 4.62",C2/c,230.03,933.4,42.8,1.25e-05,20.1,4.09,3.31,1,2512.6
"Co (88.2%), Si (11.8%)","4.4, 3.88, 3.78",C2/c,230.03,933.4,42.8,1.25e-05,20.1,4.09,3.31,0,2512.6
"Fe (71.7%), Cu (28.3%)","5.15, 3.73, 3.77",C2/c,230.03,933.4,42.8,1.25e-05,20.1,4.09,3.31,1,2512.6
"Si (46.9%), Co (53.1%)","4.44, 5.91, 3.63",Fm-3m,230.03,933.4,42.8,1.25e-05,20.1,4.09,3.31,1,2512.6
"Ti (78.0%), Al (22.0%)","5.49, 3.62, 4.38",C2/c,230.03,933.4,42.8,1.25e-05,20.1,4.09,3.31,0,2512.6
"Mg (4.6%), Ni (95.4%)","5.77, 4.2, 4.79",P4/mmm,230.03,933.4,42.8,1.25e-05,20.1,4.09,3.31,1,2512.6
"Si (50.0%), Mg (50.0%)","4.4, 4.28, 4.55",Pnma,230.03,933.4,42.8,1.25e-05,20.1,4.09,3.31,0,2512.6
"Ni (97.4%), Si (2.6%)","5.76, 5.15, 4.1",C2/c,230.03,933.4,42.8,1.25e-05,20.1,4.09,3.31,1,2512.6
"Ni (74.3%), Co (25.7%)","3.62, 5.87, 5.13",Pnma,230.03,933.4,42.8,1.25e-05,20.1,4.09,3.31,1,2512.6
"Ni (15.8%), Al (84.2%)","4.64, 5.38, 5.02",C2/c,230.03,933.4,42.8,1.25e-05,20.1,4.09,3.31,0,2512.6
"Fe (67.0%), Si (33.0%)","3.8, 4.3, 4.42",Fd-3m,230.03,933.4,42.8,1.25e-05,20.1,4.09,3.31,1,2512.6
Cu (100.0%),"4.73, 4.58, 5.99",Fd-3m,230.03,933.4,42.8,1.25e-05,20.1,4.09,3.31,1,2512.6
Co (100.0%),"3.8, 4.19, 3.57",Fd-3m,230.03,933.4,42.8,1.25e-05,20.1,4.09,3.31,1,2512.6
Co (100.0%),"3.56, 5.46, 5.04",Fd-3m,230.03,933.4,42.8,1.25e-05,20.1,4.09,3.31,1,2512.6
Fe (100.0%),"5.57, 3.68, 3.53",Pnma,230.03,933.4,42.8,1.25e-05,20.1,4.09,3.31,1,2512.6
"Fe (36.9%), Mg (63.1%)","5.62, 4.07, 5.61",Pnma,230.03,933.4,42.8,1.25e-05,20.1,4.09,3.31,1,2512.6
Cu (100.0%),"5.49, 5.75, 5.27",P4/mmm,230.03,933.4,42.8,1.25e-05,20.1,4.09,3.31,0,2512.6
"Ti (70.2%), Co (29.8%)","4.39, 3.72, 5.95",C2/c,230.03,933.4,42.8,1.25e-05,20.1,4.09,3.31,1,2512.6
"Zn (76.8%), Si (23.2%)","3.52, 3.94, 5.15",C2/c,230.03,933.4,42.8,1.25e-05,20.1,4.09,3.31,1,2512.6
"Zn (21.6%), Fe (78.4%)","3.67, 4.48, 3.83",Fd-3m,230.03,933.4,42.8,1.25e-05,20.1,4.09,3.31,1,2512.6
"Fe (99.6%), Mg (0.4%)","4.52, 4.05, 3.55",Pnma,230.03,933.4,42.8,1.25e-05,20.1,4.09,3.31,0,2512.6
"Zn (61.9%), Ni (38.1%)","3.93, 5.74, 3.58",P4/mmm,230.03,933.4,42.8,1.25e-05,20.1,4.09,3.31,0,2512.6
"Ti (46.6%), Cu (53.4%)","4.96, 5.23, 5.06",P4/mmm,230.03,933.4,42.8,1.25e-05,20.1,4.09,3.31,1,2512.6
Ti (100.0%),"5.1, 4.7, 3.95",Fd-3m,230.03,933.4,42.8,1.25e-05,20.1,4.09,3.31,1,2512.6
Mg (100.0%),"5.35, 3.82, 4.97",Fd-3m,230.03,933.4,42.8,1.25e-05,20.1,4.09,3.31,0,2512.6
Zn (100.0%),"3.63, 4.4, 4.15",C2/c,230.03,933.4,42.8,1.25e-05,20.1,4.09,3.31,0,2512.6
Cu (100.0%),"5.45, 5.22, 5.35",Pnma,230.03,933.4,42.8,1.25e-05,20.1,4.09,3.31,0,2512.6
"Si (59.2%), Ti (40.8%)","3.66, 5.72, 5.28",C2/c,230.03,933.4,42.8,1.25e-05,20.1,4.09,3.31,0,2512.6
Ni (100.0%),"4.68, 4.08, 4.53",C2/c,230.03,933.4,42.8,1.25e-05,20.1,4.09,3.31,1,2512.6
Mg (100.0%),"5.61, 5.69, 5.19",Pnma,230.03,933.4,42.8,1.25e-05,20.1,4.09,3.31,0,2512.6
"Co (34.3%), Mg (65.7%)","3.77, 4.33, 3.63",P4/mmm,230.03,933.4,42.8,1.25e-05,20.1,4.09,3.31,1,2512.6
"Fe (51.5%), Al (48.5%)","4.07, 5.1, 3.59",C2/c,230.03,933.4,42.8,1.25e-05,20.1,4.09,3.31,1,2512.6
"Cu (44.5%), Fe (55.5%)","3.77, 4.94, 5.15",P4/mmm,230.03,933.4,42.8,1.25e-05,20.1,4.09,3.31,1,2512.6
"Mg (64.6%), Ti (35.4%)","5.74, 3.96, 5.2",Pnma,230.03,933.4,42.8,1.25e-05,20.1,4.09,3.31,0,2512.6
Co (100.0%),"5.14, 4.22, 5.21",P4/mmm,230.03,933.4,42.8,1.25e-05,20.1,4.09,3.31,1,2512.6
"Co (83.1%), Zn (16.9%)","4.8, 4.45, 4.07",Fm-3m,230.03,933.4,42.8,1.25e-05,20.1,4.09,3.31,0,2512.6
Al (100.0%),"4.56, 5.88, 5.68",Pnma,230.03,933.4,42.8,1.25e-05,20.1,4.09,3.31,0,2512.6
"Fe (87.6%), Ti (12.4%)","4.65, 5.55, 4.8",P4/mmm,230.03,933.4,42.8,1.25e-05,20.1,4.09,3.31,0,2512.6
Mg (100.0%),"4.97, 5.04, 5.4",C2/c,230.03,933.4,42.8,1.25e-05,20.1,4.09,3.31,1,2512.6
"Si (35.5%), Fe (64.5%)","3.74, 3.91, 3.59",Pnma,230.03,933.4,42.8,1.25e-05,20.1,4.09,3.31,1,2512.6
Ti (100.0%),"5.28, 5.38, 3.57",P4/mmm,230.03,933.4,42.8,1.25e-05,20.1,4.09,3.31,0,2512.6
"Ti (48.4%), Zn (51.6%)","3.61, 5.45, 5.81",Fm-3m,230.03,933.4,42.8,1.25e-05,20.1,4.09,3.31,0,2512.6
Al (100.0%),"5.75, 4.56, 4.87",C2/c,230.03,933.4,42.8,1.25e-05,20.1,4.09,3.31,1,2512.6
"Fe (11.1%), Co (88.9%)","5.83, 4.04, 4.9",Fm-3m,230.03,933.4,42.8,1.25e-05,20.1,4.09,3.31,0,2512.6
Co (100.0%),"4.87, 3.84, 5.16",P4/mmm,230.03,933.4,42.8,1.25e-05,20.1,4.09,3.31,0,2512.6
Ti (100.0%),"4.11, 4.57, 4.89",Fm-3m,230.03,933.4,42.8,1.25e-05,20.1,4.09,3.31,1,2512.6
"Fe (29.4%), Ti (70.6%)","5.38, 4.99, 3.77",Fm-3m,230.03,933.4,42.8,1.25e-05,20.1,4.09,3.31,1,2512.6
"Ti (11.5%), Cu (88.5%)","5.04, 4.94, 4.98",Pnma,230.03,933.4,42.8,1.25e-05,20.1,4.09,3.31,1,2512.6
Co (100.0%),"4.44, 5.04, 5.19",Fd-3m,230.03,933.4,42.8,1.25e-05,20.1,4.09,3.31,1,2512.6
"Co (57.1%), Fe (42.9%)","5.49, 5.68, 5.88",P4/mmm,230.03,933.4,42.8,1.25e-05,20.1,4.09,3.31,1,2512.6
"Ti (51.7%), Co (48.3%)","4.04, 4.25, 5.15",C2/c,230.03,933.4,42.8,1.25e-05,20.1,4.09,3.31,1,2512.6
"Mg (60.5%), Al (39.5%)","4.28, 3.57, 4.49",P4/mmm,230.03,933.4,42.8,1.25e-05,20.1,4.09,3.31,1,2512.6
Ti (100.0%),"3.89, 5.18, 5.65",C2/c,230.03,933.4,42.8,1.25e-05,20.1,4.09,3.31,1,2512.6
"Co (6.8%), Fe (93.2%)","5.42, 4.68, 4.21",Fm-3m,230.03,933.4,42.8,1.25e-05,20.1,4.09,3.31,0,2512.6
"Ti (44.4%), Si (55.6%)","4.77, 5.52, 4.66",Pnma,230.03,933.4,42.8,1.25e-05,20.1,4.09,3.31,0,2512.6
Mg (100.0%),"5.74, 3.93, 4.17",C2/c,230.03,933.4,42.8,1.25e-05,20.1,4.09,3.31,1,2512.6
Zn (100.0%),"5.25, 5.9, 3.81",P4/mmm,230.03,933.4,42.8,1.25e-05,20.1,4.09,3.31,0,2512.6
Si (100.0%),"4.83, 5.05, 4.93",Fm-3m,230.03,933.4,42.8,1.25e-05,20.1,4.09,3.31,1,2512.6
"Ni (0.9%), Ti (99.1%)","5.78, 4.77, 5.59",Fm-3m,230.03,933.4,42.8,1.25e-05,20.1,4.09,3.31,1,2512.6
"Cu (62.9%), Ni (37.1%)","5.5, 3.96, 4.19",Fm-3m,230.03,933.4,42.8,1.25e-05,20.1,4.09,3.31,1,2512.6
Zn (100.0%),"4.35, 5.72, 5.66",Fm-3m,230.03,933.4,42.8,1.25e-05,20.1,4.09,3.31,1,2512.6
Cu (100.0%),"5.06, 4.28, 5.9",Pnma,230.03,933.4,42.8,1.25e-05,20.1,4.09,3.31,0,2512.6
Al (100.0%),"5.79, 5.17, 5.45",Pnma,230.03,933.4,42.8,1.25e-05,20.1,4.09,3.31,1,2512.6
Ni (100.0%),"4.96, 5.66, 4.5",Fd-3m,230.03,933.4,42.8,1.25e-05,20.1,4.09,3.31,1,2512.6
"Si (33.5%), Cu (66.5%)","4.54, 4.45, 5.47",Fm-3m,230.03,933.4,42.8,1.25e-05,20.1,4.09,3.31,0,2512.6
Fe (100.0%),"5.17, 4.03, 3.94",P4/mmm,230.03,933.4,42.8,1.25e-05,20.1,4.09,3.31,0,2512.6
"Al (24.7%), Cu (75.3%)","4.78, 5.4, 5.58",Fd-3m,230.03,933.4,42.8,1.25e-05,20.1,4.09,3.31,1,2512.6
"Zn (23.9%), Ni (76.1%)","5.63, 5.29, 4.38",C2/c,230.03,933.4,42.8,1.25e-05,20.1,4.09,3.31,0,2512.6
Ti (100.0%),"4.98, 3.7, 5.89",P4/mmm,230.03,933.4,42.8,1.25e-05,20.1,4.09,3.31,1,2512.6
Cu (100.0%),"5.86, 4.86, 3.89",Fd-3m,230.03,933.4,42.8,1.25e-05,20.1,4.09,3.31,1,2512.6
Ti (100.0%),"4.96, 4.63, 3.8",Fm-3m,230.03,933.4,42.8,1.25e-05,20.1,4.09,3.31,0,2512.6
Fe (100.0%),"4.96, 4.78, 5.11",Pnma,230.03,933.4,42.8,1.25e-05,20.1,4.09,3.31,0,2512.6
Ni (100.0%),"4.06, 4.33, 5.55",Fm-3m,230.03,933.4,42.8,1.25e-05,20.1,4.09,3.31,0,2512.6
Mg (100.0%),"4.8, 3.94, 3.66",C2/c,230.03,933.4,42.8,1.25e-05,20.1,4.09,3.31,0,2512.6
Fe (100.0%),"4.26, 5.38, 4.43",Fd-3m,230.03,933.4,42.8,1.25e-05,20.1,4.09,3.31,0,2512.6
Si (100.0%),"5.92, 4.86, 5.57",P4/mmm,230.03,933.4,42.8,1.25e-05,20.1,4.09,3.31,0,2512.6
Mg (100.0%),"3.53, 3.97, 3.53",Pnma,230.03,933.4,42.8,1.25e-05,20.1,4.09,3.31,0,2512.6
"Co (64.4%), Fe (35.6%)","4.27, 5.88, 5.82",Pnma,230.03,933.4,42.8,1.25e-05,20.1,4.09,3.31,1,2512.6
Zn (100.0%),"4.09, 4.33, 4.73",C2/c,230.03,933.4,42.8,1.25e-05,20.1,4.09,3.31,1,2512.6
Zn (100.0%),"5.9, 4.5, 4.34",C2/c,230.03,933.4,42.8,1.25e-05,20.1,4.09,3.31,0,2512.6
"Co (28.1%), Al (71.9%)","5.61, 5.79, 5.8",P4/mmm,230.03,933.4,42.8,1.25e-05,20.1,4.09,3.31,1,2512.6
Al (100.0%),"4.06, 4.54, 5.57",C2/c,230.03,933.4,42.8,1.25e-05,20.1,4.09,3.31,1,2512.6
Cu (100.0%),"4.25, 5.3, 4.0",Fm-3m,230.03,933.4,42.8,1.25e-05,20.1,4.09,3.31,0,2512.6
"Si (36.8%), Ti (63.2%)","5.28, 5.51, 5.94",Pnma,230.03,933.4,42.8,1.25e-05,20.1,4.09,3.31,0,2512.6
Fe (100.0%),"4.83, 5.66, 5.97",Pnma,230.03,933.4,42.8,1.25e-05,20.1,4.09,3.31,0,2512.6
"Ti (46.2%), Co (53.8%)","5.04, 5.77, 5.07",Fm-3m,230.03,933.4,42.8,1.25e-05,20.1,4.09,3.31,1,2512.6
"Si (70.0%), Zn (30.0%)","5.55, 5.17, 5.98",Fd-3m,230.03,933.4,42.8,1.25e-05,20.1,4.09,3.31,1,2512.6
"Si (85.9%), Mg (14.1%)","3.73, 5.34, 5.92",Fm-3m,230.03,933.4,42.8,1.25e-05,20.1,4.09,3.31,1,2512.6
Mg (100.0%),"3.62, 4.69, 4.17",C2/c,230.03,933.4,42.8,1.25e-05,20.1,4.09,3.31,1,2512.6
Mg (100.0%),"4.22, 3.79, 4.72",Fd-3m,230.03,933.4,42.8,1.25e-05,20.1,4.09,3.31,1,2512.6
Fe (100.0%),"5.18, 5.89, 5.12",Fd-3m,230.03,933.4,42.8,1.25e-05,20.1,4.09,3.31,1,2512.6
Zn (100.0%),"4.89, 4.91, 4.45",Pnma,230.03,933.4,42.8,1.25e-05,20.1,4.09,3.31,0,2512.6
"Ti (26.9%), Al (73.1%)","4.88, 5.25, 3.5",C2/c,230.03,933.4,42.8,1.25e-05,20.1,4.09,3.31,0,2512.6
Fe (100.0%),"5.88, 4.81, 4.26",Fm-3m,230.03,933.4,42.8,1.25e-05,20.1,4.09,3.31,0,2512.6
"Fe (17.6%), Ti (82.4%)","5.63, 5.93, 4.66",C2/c,230.03,933.4,42.8,1.25e-05,20.1,4.09,3.31,0,2512.6
Al (100.0%),"5.05, 4.17, 4.94",Pnma,230.03,933.4,42.8,1.25e-05,20.1,4.09,3.31,0,2512.6
"Fe (37.2%), Al (62.8%)","5.89, 4.57, 5.27",Fm-3m,230.03,933.4,42.8,1.25e-05,20.1,4.09,3.31,1,2512.6
"Cu (83.8%), Mg (16.2%)","3.72, 5.4, 4.66",Fd-3m,230.03,933.4,42.8,1.25e-05,20.1,4.09,3.31,1,2512.6
"Co (98.3%), Ni (1.7%)","4.6, 3.61, 4.65",Fd-3m,230.03,933.4,42.8,1.25e-05,20.1,4.09,3.31,1,2512.6
Zn (100.0%),"4.43, 5.9, 5.7",Pnma,230.03,933.4,42.8,1.25e-05,20.1,4.09,3.31,0,2512.6
"Ti (46.7%), Mg (53.3%)","4.06, 4.94, 3.99",Fm-3m,230.03,933.4,42.8,1.25e-05,20.1,4.09,3.31,0,2512.6
Mg (100.0%),"3.77, 3.95, 5.99",P4/mmm,230.03,933.4,42.8,1.25e-05,20.1,4.09,3.31,1,2512.6
"Co (91.3%), Fe (8.7%)","4.74, 3.92, 5.19",C2/c,230.03,933.4,42.8,1.25e-05,20.1,4.09,3.31,0,2512.6
Co (100.0%),"4.95, 5.42, 5.03",C2/c,230.03,933.4,42.8,1.25e-05,20.1,4.09,3.31,1,2512.6
"Si (24.5%), Mg (75.5%)","5.37, 4.53, 3.97",Fm-3m,230.03,933.4,42.8,1.25e-05,20.1,4.09,3.31,0,2512.6
"Si (67.0%), Ni (33.0%)","5.82, 5.98, 4.33",C2/c,230.03,933.4,42.8,1.25e-05,20.1,4.09,3.31,1,2512.6
"Co (75.9%), Fe (24.1%)","5.82, 5.89, 5.64",P4/mmm,230.03,933.4,42.8,1.25e-05,20.1,4.09,3.31,0,2512.6
"Mg (77.2%), Zn (22.8%)","3.96, 5.18, 4.86",Pnma,230.03,933.4,42.8,1.25e-05,20.1,4.09,3.31,1,2512.6
Al (100.0%),"5.84, 5.5, 5.51",Fm-3m,230.03,933.4,42.8,1.25e-05,20.1,4.09,3.31,1,2512.6
"Ni (48.0%), Cu (52.0%)","5.21, 5.53, 4.34",P4/mmm,230.03,933.4,42.8,1.25e-05,20.1,4.09,3.31,0,2512.6
"Zn (19.2%), Ni (80.8%)","4.35, 4.49, 5.16",Pnma,230.03,933.4,42.8,1.25e-05,20.1,4.09,3.31,1,2512.6
"Cu (91.3%), Si (8.7%)","3.59, 5.3, 3.51",Fd-3m,230.03,933.4,42.8,1.25e-05,20.1,4.09,3.31,0,2512.6
Cu (100.0%),"5.9, 4.56, 4.57",C2/c,230.03,933.4,42.8,1.25e-05,20.1,4.09,3.31,0,2512.6
"Si (83.9%), Zn (16.1%)","4.49, 4.58, 5.02",Fm-3m,230.03,933.4,42.8,1.25e-05,20.1,4.09,3.31,0,2512.6
Fe (100.0%),"4.16, 5.51, 5.18",Fd-3m,230.03,933.4,42.8,1.25e-05,20.1,4.09,3.31,0,2512.6
"Mg (31.1%), Zn (68.9%)","5.89, 4.99, 5.7",P4/mmm,230.03,933.4,42.8,1.25e-05,20.1,4.09,3.31,1,2512.6
Cu (100.0%),"5.29, 3.54, 4.6",Fm-3m,230.03,933.4,42.8,1.25e-05,20.1,4.09,3.31,0,2512.6
Al (100.0%),"5.79, 3.89, 4.4",Pnma,230.03,933.4,42.8,1.25e-05,20.1,4.09,3.31,1,2512.6
"Co (96.1%), Zn (3.9%)","3.5, 4.15, 5.07",P4/mmm,230.03,933.4,42.8,1.25e-05,20.1,4.09,3.31,1,2512.6
"Cu (67.5%), Al (32.5%)","4.07, 4.79, 4.05",C2/c,230.03,933.4,42.8,1.25e-05,20.1,4.09,3.31,1,2512.6
"Si (57.3%), Ni (42.7%)","4.08, 4.87, 4.3",Fd-3m,230.03,933.4,42.8,1.25e-05,20.1,4.09,3.31,0,2512.6
